domain,example_url,discovery_query,relevance_score,authority_metric,crawl_status
grassrootsfootballuk.com,https://www.grassrootsfootballuk.com/,grassroots football uk,0.75,"rank=, etv=2689.7530185002834",pending
teamgrassroots.co.uk,https://www.teamgrassroots.co.uk/,grassroots football uk,1,"rank=, etv=8948.742003800347",crawled_no_broken_links
thefa.com,https://www.thefa.com/competitions/grassroots,grassroots football uk,0.75,"rank=, etv=8124926.080182616",crawled_no_broken_links
englandfootball.com,https://www.englandfootball.com/participate/behaviour/the-grassroots-code,grassroots football uk,0.75,"rank=, etv=9296868.974375464",crawled_no_broken_links
footballfoundation.org.uk,https://footballfoundation.org.uk/,grassroots football uk,1,"rank=, etv=25215.675946544856",crawled_no_broken_links
diamondfootball.com,https://diamondfootball.com/news/3765/what-is-grassroots-football?srsltid=AU7gw4VWBJtUo7t8n-7plxWhnHNL5vDfyRkumfGqnIoWUjQqKvd8AdYA,grassroots football uk,0.75,"rank=, etv=64139.380012137815",crawled_no_broken_links
mcdonalds.com,https://www.mcdonalds.com/gb/en-gb/football.html,grassroots football uk,0.5,"rank=, etv=10165465.276508734",pending
sports-tours.co.uk,https://www.sports-tours.co.uk/blog/why-is-grassroots-football-important/,grassroots football uk,0.75,"rank=, etv=3776.638706572354",pending
ballrz.co.uk,https://www.ballrz.co.uk/grassroots-football,grassroots football uk,1,"rank=, etv=5233.992020815611",crawled_no_broken_links
thecoacheslink.com,https://www.thecoacheslink.com/grassrootsfootball-uk/,grassroots football uk,0.5,"rank=, etv=1161.1960052791983",pending
footballparent.co.uk,https://www.footballparent.co.uk/parent-guides/what-is-grassroots-football,grassroots football uk,1,"rank=, etv=727.5850075408816",pending
juniorgrassrootshub.com,https://www.juniorgrassrootshub.com/,grassroots football uk,1,"rank=, etv=30726.651170974597",crawled_no_broken_links
grassrootsfootballforgood.com,https://www.grassrootsfootballforgood.com/,grassroots football uk,0.5,"rank=, etv=1.8339999616146088",pending
prevent-suicide.org.uk,https://prevent-suicide.org.uk/ask-now-save-lives-michael-chakraverty/,grassroots football uk,0.25,"rank=, etv=14938.94581178762",pending
grassrootsworkspace.com,https://www.grassrootsworkspace.com/,grassroots football uk,0.25,"rank=, etv=600.4421420991421",pending
sportengland.org,https://www.sportengland.org/guidance-and-support/supporting-grassroots-organisers,grassroots football uk,0.25,"rank=, etv=171038.497127397",pending
grassrootswildlandfirefighters.com,https://www.grassrootswildlandfirefighters.com/,grassroots football uk,0.25,unavailable,pending
nfyl.co.uk,https://www.nfyl.co.uk/,youth football uk,0.25,"rank=, etv=4826.575011912733",pending
londonfa.com,https://www.londonfa.com/play/youth-boys,youth football uk,1,"rank=, etv=102658.70114814304",crawled_no_broken_links
selkent.org.uk,https://www.selkent.org.uk/,youth football uk,0.25,"rank=, etv=21106.153020342812",pending
profootballacademy.com,https://profootballacademy.com/uk/,youth football uk,0.75,"rank=, etv=13441.378057885915",crawled_no_broken_links
premierleague.com,https://www.premierleague.com/en/footballandcommunity/youth-development/parent-hub/the-academy-experience,youth football uk,0.25,"rank=, etv=58626461.710535154",pending
juniorpremierleague.com,https://www.juniorpremierleague.com/england/about/,youth football uk,0.25,"rank=, etv=20998.83811464347",pending
ukfootballscouting.co.uk,https://www.ukfootballscouting.co.uk/youthfootballtrials,youth football uk,0.25,"rank=, etv=1169.9119907096028",pending
scottishfa.co.uk,https://www.scottishfa.co.uk/en/play-football/children-youth-football,youth football uk,0.5,"rank=, etv=1437315.6691990905",pending
coach-os.com,https://www.coach-os.com/en/wiki/jugendfussball-ligasystem-england,youth football uk,1,"rank=, etv=206.1049988567829",crawled_no_broken_links
wemakefootballers.com,https://wemakefootballers.com/uk,youth football uk,0.75,"rank=, etv=28004.88407851197",crawled_no_broken_links
pcfacademy.co.uk,https://www.pcfacademy.co.uk/age-group-checker,youth football uk,0.5,"rank=, etv=559.0459982827306",pending
coventryunitedjuniorsfc.co.uk,https://www.coventryunitedjuniorsfc.co.uk/,junior football uk,0.5,"rank=, etv=1150.0350063741207",pending
juniorelite.co.uk,https://www.juniorelite.co.uk/,junior football uk,0.75,"rank=, etv=387.3920059353113",pending
thecoachdiary.com,https://www.thecoachdiary.com/parents-warning-football-academies-a-side-of-football-no-one-talks-about/,football academy parents,0.5,"rank=, etv=358.19099789112806",pending
no1fan.club,https://no1fan.club/,football academy parents,1,"rank=, etv=391.35399585962296",crawled_no_broken_links
performforsport.co.uk,https://www.performforsport.co.uk/blog/sports-psychology-the-football-academy-parent-navigating-common-challenges-for-you-and-your-child-in-the-uk-academy-system/,football academy parents,0.5,"rank=, etv=172.97100050002337",pending
parentsinsport.co.uk,https://www.parentsinsport.co.uk/2021/05/16/released-picking-up-the-pieces-as-a-sporting-parent/,football academy parents,0.5,"rank=, etv=571.2650049570948",pending
tandfonline.com,https://www.tandfonline.com/doi/full/10.1080/10413200.2024.2329547,football academy parents,0.5,"rank=, etv=664073.6671460979",pending
boxtoboxacademy.co.uk,https://boxtoboxacademy.co.uk/2026/01/17/how-can-i-get-my-child-into-a-football-academy-a-step-by-step-uk-guide-for-parents/,football academy parents,0.75,"rank=, etv=269.81099931150675",pending
mrsmummypenny.co.uk,https://www.mrsmummypenny.co.uk/like-youth-academy-football-parents/,football academy parents,0.5,"rank=, etv=7334.725217709318",pending
soccerinteraction.com,https://soccerinteraction.com/support-your-childs-football-as-parents,football academy parents,0.75,"rank=, etv=14547.572460746393",crawled_no_broken_links
starfootballacademy.com,https://starfootballacademy.com/5-tips-for-parents-when-choosing-a-football-academy/,football academy parents,0.75,"rank=, etv=44.626999378204346",pending
chrisplatts.co.uk,https://www.chrisplatts.co.uk/football-academies-are-a-business-and-your-child-is-the-product-2/,football academy parents,0.5,"rank=, etv=40.208000019192696",pending
quora.com,https://www.quora.com/What-are-some-tips-for-parents-supporting-your-childs-journey-in-a-football-academy,football academy parents,0.75,"rank=, etv=37719146.51211547",crawled_no_broken_links
ministry-of-football.com,https://ministry-of-football.com/academies-success/,football academy parents,1,"rank=, etv=272.9820027947426",crawled_no_broken_links
bbc.co.uk,https://www.bbc.co.uk/sport/football/articles/ce80kgendreo,football academy parents,0.5,"rank=, etv=525063032.36317587",pending
knpsportpsychology.com,https://www.knpsportpsychology.com/post/q-a-with-the-academy-dad-supporting-children-in-academy-football,football academy parents,0.5,"rank=, etv=1.5750000476837158",pending
proelitefootballacademy.co.uk,https://proelitefootballacademy.co.uk/football-blog-for-parents,football academy parents,0.5,"rank=, etv=2132.9799916669726",pending
football4football.com,https://www.football4football.com/football-training/parent-academy-coach-expectations,football academy parents,1,"rank=, etv=5414.961547829211",crawled_no_broken_links
southamptonfc.com,https://www.southamptonfc.com/en/academy-trials,football academy trials uk,0.25,"rank=, etv=2090426.9175373968",pending
pro11trials.co.uk,https://pro11trials.co.uk/,football academy trials uk,0.75,"rank=, etv=1097.9850035831332",pending
internationalfootball.academy,https://internationalfootball.academy/football-academy-trials/,football academy trials uk,0.5,"rank=, etv=15767.465951362625",pending
europeanfootball.academy,https://europeanfootball.academy/,football academy trials uk,0.25,"rank=, etv=773.7690029777586",pending
premierfootballuk.com,https://premierfootballuk.com/,football academy trials uk,0.25,"rank=, etv=1541.4319955259562",pending
nlpsports.co.uk,https://nlpsports.co.uk/football-trials/,football academy trials uk,0.5,"rank=, etv=148.2430012077093",pending
bloomsburyfootball.com,https://bloomsburyfootball.com/academy/,football academy trials uk,0.25,"rank=, etv=5364.098085621372",pending
readingfc.co.uk,https://www.readingfc.co.uk/academy/trials,football academy trials uk,0.25,"rank=, etv=483330.72678721696",pending
thetitansfa.com,https://thetitansfa.com/football-academy-open-trials-london/,football academy trials uk,0.5,"rank=, etv=6179.041992528364",pending
footballtournamentsuk.co.uk,https://footballtournamentsuk.co.uk/open-trials,football academy trials uk,0.5,"rank=, etv=1369.689001230523",pending
elitefootballtrials.com,https://www.elitefootballtrials.com/,football academy trials uk,0.25,"rank=, etv=672.7549977302551",pending
eliteldnacademy.co.uk,https://eliteldnacademy.co.uk/,football academy trials uk,0.5,"rank=, etv=679.6270074415952",pending
chase.co.uk,https://www.chase.co.uk/gb/en/chase-football-coaching-programme/,grassroots football coaching,0.5,"rank=, etv=162094.75048947334",pending
spotify.com,https://open.spotify.com/show/6VGfFkLkTSj2JAkZbkqYYc,grassroots football coaching,0.75,"rank=, etv=73833700.33221394",crawled_no_broken_links
fifatrainingcentre.com,https://www.fifatrainingcentre.com/en/practice/grassroots.php,grassroots football coaching,0.5,"rank=, etv=7078.712008597329",pending
thesoccerstore.co.uk,https://www.thesoccerstore.co.uk/blog/football-coaching/8-top-tips-for-becoming-a-grassroots-football-coach-for-children/,grassroots football coaching,0.75,"rank=, etv=116391.34373079613",crawled_no_broken_links
thrive4grassroots.com,https://thrive4grassroots.com/blog/,grassroots football coaching,0.75,"rank=, etv=206.05800085887313",pending
grassrootscoaching.com,https://www.grassrootscoaching.com/,grassroots football coaching,0.75,"rank=, etv=138.04499981552362",pending
apple.com,https://podcasts.apple.com/gb/podcast/the-how-to-coach-grassroots-football-podcast/id1717628950,grassroots football coaching,0.5,"rank=, etv=100271089.66724336",pending
elitegrassroots.co.uk,https://www.elitegrassroots.co.uk/,grassroots football coaching,0.5,"rank=, etv=15.159999921917915",pending
goalsfootball.co.uk,https://www.goalsfootball.co.uk/kids/kids-coaching,youth football coaching,0.5,"rank=, etv=144311.7867705878",pending
youthfootball.org.uk,https://youthfootball.org.uk/become-a-coach/,youth football coaching,0.75,"rank=, etv=24.59299971163273",pending
powerleague.com,https://www.powerleague.com/junior-football-training,youth football coaching,0.75,"rank=, etv=228132.14589007758",crawled_no_broken_links
universidadeuropea.com,https://universidadeuropea.com/en/blog/youth-football-coaching/,youth football coaching,0.5,"rank=, etv=24505.193375699222",pending
playtheirway.org,https://www.playtheirway.org/browse-by-sport/football/,junior football resources,0.5,"rank=, etv=1280.825995452702",pending
usafootball.com,https://usafootball.com/resources,junior football resources,0.75,"rank=, etv=13245.734891369939",pending
org.nz,https://www.southlandfootball.org.nz/more-info/Coach-Education-Resources/Coaching-Resources,junior football resources,0.25,unavailable,pending
diddikicks.co.uk,https://diddikicks.co.uk/,children's football uk,0.25,"rank=, etv=3608.3819886371493",pending
nike.com,https://www.nike.com/gb/w/kids-football-1gdj0zv4dh,children's football uk,0.25,"rank=, etv=8436135.534482343",pending
sportsdirect.com,https://www.sportsdirect.com/football/kids,children's football uk,0.25,"rank=, etv=14176298.02841022",pending
kidsfootballleague.co.uk,https://www.kidsfootballleague.co.uk/,children's football uk,0.25,"rank=, etv=32.55999906361103",pending
fit4kidzuk.com,https://www.fit4kidzuk.com/,children's football uk,0.25,"rank=, etv=259.7189987450838",pending
firstgoal.co.uk,https://firstgoal.co.uk/,children's football uk,0.5,"rank=, etv=255.62318053282797",pending
londonfootballschool.co.uk,https://londonfootballschool.co.uk/,children's football uk,0.75,"rank=, etv=1481.1450214181095",pending
kixx.org.uk,https://kixx.org.uk/,children's football uk,1,"rank=, etv=6506.540093231946",crawled_no_broken_links
forza.com,https://www.forza.com/uk/football/footballs/kids-footballs?srsltid=AU7gw4XuFAGtmxDr48QBsEv8ZIu5Xb3W8kpTjw17eW79as_nGazekQ9v,children's football uk,0.75,"rank=, etv=127621.12774170749",crawled_no_broken_links
lovesfootball.com,https://lovesfootball.com/,children's football uk,0.25,"rank=, etv=321.0560011267662",pending
littleballersuk.com,https://www.littleballersuk.com/,children's football uk,0.25,"rank=, etv=213.15617959201336",pending
brentfordfccst.com,https://www.brentfordfccst.com/en/boys-football-development-centre-fdc,football development centres,0.25,"rank=, etv=7441.12692871131",pending
fdcacademy.co.uk,https://fdcacademy.co.uk/,football development centres,0.5,"rank=, etv=441.37499587237835",pending
itfcfoundation.co.uk,https://www.itfcfoundation.co.uk/player-development-centres-2/,football development centres,0.5,"rank=, etv=3731.022104624659",pending
ignitesportuk.com,https://www.ignitesportuk.com/course/ocfc-development-centre,football development centres,0.25,"rank=, etv=1046.5079999677837",pending
wolves.co.uk,https://coaching.wolves.co.uk/,football development centres,0.75,"rank=, etv=857788.1541988086",crawled_no_broken_links
theposhfoundation.com,https://theposhfoundation.com/boys-development-centre/,football development centres,0.5,"rank=, etv=1363.6470010336488",pending
wiltshiresportsacademy.co.uk,https://www.wiltshiresportsacademy.co.uk/football-coaching-academy/development-centres,football development centres,0.5,"rank=, etv=218.33599948138",pending
bcfcfoundation.com,https://bcfcfoundation.com/development-centres/,football development centres,0.5,"rank=, etv=4640.376048117876",pending
wba.co.uk,https://www.wba.co.uk/albion-foundation/book-now/player-development-centres,football development centres,0.5,"rank=, etv=1283841.7427074797",pending
pathwaydevelopmentcentre.com,https://www.pathwaydevelopmentcentre.com/,football development centres,0.5,"rank=, etv=106.3080000653863",pending
cardiff.ac.uk,https://www.cardiff.ac.uk/community/sport/junior-activities/junior-development/football,football development centres,0.25,"rank=, etv=573660.2700833082",pending
ouitc.org,https://www.ouitc.org/programme/development-centre/,football development centres,0.5,"rank=, etv=41030.799876354635",pending
htafcfoundation.com,https://www.htafcfoundation.com/age-5-11/football-development,football development centres,1,"rank=, etv=15563.530996739864",crawled_no_broken_links
hereforddevelopmentcentre.co.uk,https://hereforddevelopmentcentre.co.uk/,football development centres,0.25,"rank=, etv=52.1230004876852",pending
risingstarssportsacademy.co.uk,https://risingstarssportsacademy.co.uk/,football development centres,0.75,"rank=, etv=911.5460038408637",pending
developmentschools.co.uk,https://www.developmentschools.co.uk/,football development centres,0.25,"rank=, etv=618.8859927617013",pending
burnleyfccommunity.org,https://burnleyfccommunity.org/football/player-development-centre-boys/,football development centres,0.5,"rank=, etv=4556.601024538279",pending
gameonsportscoaching.co.uk,https://gameonsportscoaching.co.uk/development-centre/,football development centres,0.5,"rank=, etv=266.9440029338002",pending
tfdc.co.uk,https://tfdc.co.uk/,football development centres,0.75,"rank=, etv=29.35900104045868",pending
primefdc.co.uk,https://primefdc.co.uk/,football development centres,0.25,"rank=, etv=5.76500004529953",pending
officialsoccerschools.co.uk,https://officialsoccerschools.co.uk/birminghamcity/birmingham-city-foundation-4.html,football development centres,0.5,"rank=, etv=38850.17483058944",pending
watfordfccsetrust.com,https://www.watfordfccsetrust.com/project/player-development-programmes/,football development centres,0.5,"rank=, etv=6215.804902795702",pending
chesterfc.com,https://community.chesterfc.com/programmes/coaching/player-development-centres/,football development centres,0.5,"rank=, etv=69728.56514305994",pending
spond.com,https://www.spond.com/news-and-blog/parent-problem-grassroots-football/,grassroots football parents,1,"rank=, etv=46027.78636843152",crawled_no_broken_links
frometownunited.co.uk,https://www.frometownunited.co.uk/club-info/Grassroots-Parent,grassroots football parents,0.5,"rank=, etv=3001.9049758538604",pending
laceeze.co.uk,https://laceeze.co.uk/blogs/laceeze-blog/how-to-get-your-child-into-football-a-parent-s-guide-to-grassroots-clubs-in-the-uk,grassroots football parents,0.75,"rank=, etv=1950.7070052474737",pending
kentfa.com,https://www.kentfa.com/players/youth-and-mini-soccer/parent-guide,grassroots football parents,1,"rank=, etv=14496.429975304753",crawled_no_broken_links
thefootballparent.co.uk,https://www.thefootballparent.co.uk/blank-17,grassroots football parents,1,"rank=, etv=88.68700067698956",crawled_no_broken_links
welwynpegasusfc.co.uk,https://www.welwynpegasusfc.co.uk/parents-code-of-conduct,grassroots football parents,0.5,"rank=, etv=499.6739979162812",pending
pistonheads.com,https://www.pistonheads.com/gassing/topic.asp?h=0&f=215&t=1939757,grassroots football parents,1,"rank=, etv=1239297.042109497",crawled_no_broken_links
theguardian.com,https://www.theguardian.com/football/2025/may/09/i-punched-another-dad-your-stories-of-the-worst-parent-behaviour-at-kids-football,grassroots football parents,1,"rank=, etv=51822633.87223699",crawled_no_broken_links
netflix.com,https://www.netflix.com/title/81628960,grassroots football parents,0.5,"rank=, etv=43824566.390018575",pending
bubbablueandme.com,https://bubbablueandme.com/grassroots-football-benefits/,grassroots football parents,1,"rank=, etv=27224.295375857502",crawled_no_broken_links
internationalacademyfootball.com,https://internationalacademyfootball.com/youth-programmes/,youth football development,0.25,"rank=, etv=2200.298529177904",pending
protouchfootball.com,https://protouchfootball.com/youth-football-development/,youth football development,0.25,"rank=, etv=301.30300127901137",pending
ypdacademy.com,https://ypdacademy.com/,youth football development,0.75,"rank=, etv=32.31500005722046",pending
grassrootsfc.co.uk,https://grassrootsfc.co.uk/guides/,grassroots football guide,1,"rank=, etv=210.2310011535883",crawled_no_broken_links
childrenscommissioner.gov.uk,https://www.childrenscommissioner.gov.uk/resource/what-i-wish-my-parents-or-carers-knew-a-guide-for-parents-and-carers-on-managing-childrens-digital-lives/,grassroots football guide,0.5,"rank=, etv=15376.164017098024",pending
irishfa.com,https://www.irishfa.com/irish-fa-foundation/ifa-foundation-online-resources,grassroots football resources,0.75,"rank=, etv=264653.2905432172",crawled_no_broken_links
footballgpt.co,https://footballgpt.co/resources,grassroots football resources,1,"rank=, etv=10299.75507176295",crawled_no_broken_links
communities-ni.gov.uk,https://www.communities-ni.gov.uk/topics/family-resources-survey-and-poverty-analysis,grassroots football resources,0.25,"rank=, etv=317972.47233972885",pending
hampshirefa.com,https://www.hampshirefa.com/players/youth/parent-guide,grassroots football advice for parents,0.5,"rank=, etv=24675.958660893142",pending
pendlesportswear.co.uk,https://www.pendlesportswear.co.uk/blog/parents-role-in-youth-football/?srsltid=AU7gw4Vu3x8Up7ZkvXyJLMNS29ojw1YUBTZrt3dQOrrupTtes8rXK8cQ,grassroots football advice for parents,0.75,"rank=, etv=166229.72182044387",crawled_no_broken_links
jbfc.co.uk,https://coach.jbfc.co.uk/a-parents-guide-for-youth-football/,grassroots football advice for parents,0.75,"rank=, etv=875.8330241888762",pending
childrensfootball.com,https://childrensfootball.com/blogs/news/our-top-tips-for-new-parent-coaches,grassroots football advice for parents,1,"rank=, etv=15212.892967339605",crawled_no_broken_links
apsleyfc.org,https://apsleyfc.org/running-the-line-every-parents-dream/,grassroots football advice for parents,0.75,"rank=, etv=59.86800089478493",pending
jobs4football.com,https://jobs4football.com/blog/transition-from-grassroots-club-to-pre-academy-a-parents-guide,grassroots football advice for parents,0.25,"rank=, etv=8902.845996398479",pending
sebtidey.com,https://sebtidey.com/index.php/2023/05/22/60-tips-for-grassroots-coaches/,grassroots football tips,0.25,"rank=, etv=15.489000000059605",pending
tscoaching.co.uk,https://tscoaching.co.uk/wp-content/uploads/2023/11/60-Tips-for-Grassroots-Football-Coaches-Ebook.pdf,grassroots football tips,0.5,"rank=, etv=382.92599961161613",pending
teamstats.net,https://www.teamstats.net/blog,grassroots football tips,1,"rank=, etv=95089.7589342203",crawled_no_broken_links
footballdna.co.uk,https://footballdna.co.uk/,grassroots football tips,0.5,"rank=, etv=9845.905068138614",pending
the-football-hub.org,https://www.the-football-hub.org/post/starting-strong-11-must-know-coaching-tips-for-first-time-football-coaches,grassroots football tips,0.25,"rank=, etv=406.8869977463037",pending
uefa.com,https://www.uefa.com/development/grassroots/overview/,how does grassroots football work,0.75,"rank=, etv=28016306.87632659",crawled_no_broken_links
faw.cymru,https://faw.cymru/grassroots-strategy/,how does grassroots football work,0.75,"rank=, etv=571944.7333217878",crawled_no_broken_links
kitlocker.com,https://kitlocker.com/blog/how-to-successfully-run-a-grassroots-football-team/,how does grassroots football work,0.5,"rank=, etv=258511.59329658002",pending
ucfb.ac.uk,https://www.ucfb.ac.uk/news/the-importance-of-grassroots-football-and-its-continued-growth/,how does grassroots football work,0.5,"rank=, etv=455386.9829835482",pending
berks-bucksfa.com,https://www.berks-bucksfa.com/players/youth/guides-and-resources/youth-football-guide,youth football guide,0.5,"rank=, etv=9254.52401292324",pending
howstuffworks.com,https://entertainment.howstuffworks.com/sports/youth-coaching/coaching-youth-football.htm,youth football guide,0.25,"rank=, etv=3116581.1443549357",pending
buryrangers.com,https://buryrangers.com/help/a-practical-guide-for-youth-football-coaches,youth football guide,0.75,"rank=, etv=462.15400952100754",pending
youthfootballonline.com,https://youthfootballonline.com/?srsltid=AU7gw4WPYki7qW_S0lhWeM3--Rxox7FHlhaAlem9KZBR1bZk2va9TX4l,youth football resources,0.5,"rank=, etv=295.892998797819",pending
footballdevelopment.com,https://footballdevelopment.com/coaching-systems/,youth football resources,0.25,"rank=, etv=96.37300068885088",pending
franchisewmf.com,https://www.franchisewmf.com/running-a-franchise-business/coaching-resources,youth football resources,0.5,"rank=, etv=4500.121040062979",pending
youngtalentsgroup.com,https://youngtalentsgroup.com/news/best-websites-about-youth-football,youth football resources,0.75,"rank=, etv=995.0540070962161",pending
footballcoachinghub.com,https://footballcoachinghub.com/,youth football resources,0.5,unavailable,pending
sportngin.com,https://cdn3.sportngin.com/attachments/document/be82-2348965/youth-football-training-manual-2866317.pdf,youth football resources,0.25,"rank=, etv=3057.3019986320287",pending
coachtruly.com,https://coachtruly.com/blog/the-ultimate-free-resources-guide-for-youth-football-soccer-coaches,youth football resources,0.25,"rank=, etv=55.230000004172325",pending
youthfootballcoachingtips.com,https://youthfootballcoachingtips.com/,youth football tips,0.5,"rank=, etv=276.5549963712692",pending
trophiesplusmedals.co.uk,https://www.trophiesplusmedals.co.uk/blog/5-essential-tips-for-coaching-a-youth-football-team.html,youth football tips,0.75,"rank=, etv=19775.89356896095",crawled_no_broken_links
ciscoathletic.com,https://www.ciscoathletic.com/blog/youth-football-training-tips/,youth football tips,0.25,"rank=, etv=270.3000014293939",pending
nfl.com,https://playfootball.nfl.com/tackle/growing-youth-tackle-football/,youth football tips,0.5,"rank=, etv=3431972.13113698",pending
skillshark.com,https://skillshark.com/blog/youth-football-drills,youth football tips,0.25,"rank=, etv=238.41600138694048",pending
coachparker.org,https://coachparker.org/coaching-youth-football-basics/,youth football tips,0.25,"rank=, etv=108.16599827259779",pending
protipster.com,https://www.protipster.com/betting-tips/football/international-youth,youth football tips,0.25,"rank=, etv=26921.56509760581",pending
jerseywatch.com,https://www.jerseywatch.com/blog/start-a-youth-football-team,how does youth football work,0.25,"rank=, etv=1679.5749960690737",pending
avecsport.com,https://avecsport.com/blog/childrens-football-benefits-of-youth-football,how does youth football work,0.5,"rank=, etv=63940.39714981057",pending
bcgfl.org.uk,https://www.bcgfl.org.uk/app/download/8118375/U11-and-U12-ydr-booklet.pdf,junior football guide,1,"rank=, etv=182.2990013062954",crawled_no_broken_links
britishfootballschool.com,https://www.britishfootballschool.com/blogs/getting-started-in-youth-football-a-guide-for-parents-and-young-players,junior football guide,0.75,"rank=, etv=283.6690005771816",pending
strattonunitedfc.co.uk,http://www.strattonunitedfc.co.uk/parents__info.html,junior football advice for parents,0.75,"rank=, etv=31.925000101327896",pending
modernlegacyacademy.com,https://www.modernlegacyacademy.com/post/what-parents-get-right-and-wrong-in-youth-football,junior football advice for parents,0.75,"rank=, etv=0.2549999952316284",pending
chop.edu,https://www.chop.edu/news/should-parents-let-their-child-play-football-weighing-pros-and-cons,junior football advice for parents,0.5,"rank=, etv=242212.25292547233",pending
better.org.uk,https://www.better.org.uk/what-we-offer/lessons-and-courses/football-lessons,junior football tips,0.5,"rank=, etv=4047496.949580852",pending
betclan.com,https://www.betclan.com/team-top-junior-predictions-17196/,junior football tips,0.25,"rank=, etv=4062.2349819876254",pending
gov.uk,https://www.gov.uk/government/publications/distributing-tips-fairly-revised-statutory-code-of-practice,junior football tips,0.5,"rank=, etv=266802.244459698",pending
braziliansoccerschools.co.uk,https://braziliansoccerschools.co.uk/2025/12/10/kids-football-classes-the-ultimate-guide/,children's football guide,0.25,"rank=, etv=275.2940025702119",pending
bookpebble.co.uk,https://bookpebble.co.uk/blog/the-parents-guide-to-football-classes-for-kids?srsltid=AU7gw4XdEkSzh3Ep8ZJ9_hEi0hu1qJbs31go9VkUicX3XBzHHyNv3-0a,children's football guide,0.5,"rank=, etv=20218.86372168921",pending
pembee.app,https://www.pembee.app/blog/football-coaching-drills-for-kids,children's football guide,0.25,"rank=, etv=8375.6850200966",pending
bondandlearn.com,https://bondandlearn.com/teach-kids-to-play-football/,children's football guide,0.25,unavailable,pending
hobbit.football,https://hobbit.football/guides,children's football guide,0.75,"rank=, etv=27.57700039446354",pending
lifeplan.co.uk,https://hub.lifeplan.co.uk/lifeplan-news/fun-football-for-4-year-olds-a-parents-guide-1764808339,children's football guide,0.75,"rank=, etv=19085.45839094743",crawled_no_broken_links
ssunited.co.uk,https://www.ssunited.co.uk/news/touchline-behaviour-how-parents-can-best-support-their-child,children's football advice for parents,0.5,"rank=, etv=41.92799970880151",pending
precisionfootball.com,https://precisionfootball.com/parents-guide-supporting-your-childs-football-journey/,children's football advice for parents,0.75,"rank=, etv=302.4620001465082",pending
uefaacademy.com,https://uefaacademy.com/courses/uefa-academy-online-library/,football academy resources,0.25,"rank=, etv=2364.1599880494177",pending
thecoachingmanual.com,https://www.thecoachingmanual.com/,football academy resources,0.25,"rank=, etv=1451.6869937535375",pending
lancashirefa.com,https://www.lancashirefa.com/players/youth/parent-guide,football academy advice for parents,0.5,"rank=, etv=10883.098873326555",pending
bbc.com,https://www.bbc.com/sport/football/articles/ce80kgendreo,football academy advice for parents,0.5,"rank=, etv=35970712.0178595",pending
mypersonalfootballcoach.com,https://mypersonalfootballcoach.com/im-a-parent/,football academy advice for parents,0.25,"rank=, etv=1944.3250147998333",pending
justfootball.ac,https://www.justfootball.ac/news/just-football-academys-top-tips-for-preparing-to-join-a-football-academy,football academy tips,0.25,"rank=, etv=716.110532976687",pending
englishstudycamps.co.uk,https://www.englishstudycamps.co.uk/blog/how-to-prepare-for-the-football-academy-top-tips-from-the-head-coach,football academy tips,0.25,"rank=, etv=211.73200425505638",pending
prostatecanceruk.org,https://prostatecanceruk.org/get-involved/activity/football,football academy tips,0.25,"rank=, etv=217684.56097148173",pending
looking-for-soccer.com,https://looking-for-soccer.com/en-gb/football-academies-how-do-they-work/,how does football academy work,0.5,"rank=, etv=1330.5175200831145",pending
alicantefootballacademy.com,https://alicantefootballacademy.com/how-does-a-football-soccer-academy-work/,how does football academy work,0.25,"rank=, etv=8634.059021320194",pending
afglobal.football,https://www.afglobal.football/afglobal-blogs/how-to-join-a-football-academy-in-the-uk,how does football academy work,0.5,"rank=, etv=2017.7740177549422",pending
pbsfootball.com,https://www.pbsfootball.com/faq-academy-football,how does football academy work,0.5,"rank=, etv=80.77600061893463",pending
noblescouting.co.uk,https://www.noblescouting.co.uk/blog/understanding-the-premier-league-fa-academy-system,how does football academy work,0.25,"rank=, etv=34.91899994760752",pending
prestigefootballschools.com,https://prestigefootballschools.com/blogs/best-uk-football-schools/the-pathway-to-professional-football-understanding-the-academy-system,how does football academy work,0.5,"rank=, etv=2359.6980068944395",pending
mhusseinfootballacademy.com,https://mhusseinfootballacademy.com/what-is-a-youth-football-academy/,how does football academy work,0.5,"rank=, etv=45.79200001060963",pending
proevolutionacademy.com,https://proevolutionacademy.com/en/difference-between-football-academy-and-football-training-centre/,how does football academy work,0.25,"rank=, etv=169.45000183582306",pending
ultimatecrystalpalace.com,https://ultimatecrystalpalace.com/crystal-palace-academy-trials-process-tips/,academy trials guide,0.25,"rank=, etv=2525.8159395232797",pending
myfootballfuture.com,https://myfootballfuture.com/blog/football-highlight-video-guide,academy trials guide,1,"rank=, etv=770.6660097911954",crawled_no_broken_links
footballreach.com,https://footballreach.com/articles/football-academy-trials-guide,academy trials guide,0.5,"rank=, etv=143.67100247740746",pending
htafc.com,https://www.htafc.com/academy/scouting-recruitment,academy trials guide,0.25,"rank=, etv=472256.1219958272",pending
borehamwoodfootballclub.co.uk,https://www.borehamwoodfootballclub.co.uk/walk-on-academy-trials-running-throughout-august/,academy trials resources,0.25,"rank=, etv=143039.6383518353",pending
exetercityfc.co.uk,https://www.exetercityfc.co.uk/exeter-city-academy/request-trial,academy trials resources,0.25,"rank=, etv=308130.0082435291",pending
theproacademy.com,https://www.theproacademy.com/,academy trials resources,0.5,"rank=, etv=997.2740058042109",pending
playerscout.co.uk,https://playerscout.co.uk/football-trials/,academy trials resources,0.25,"rank=, etv=2846.4787641558796",pending
walsallfcfoundation.com,https://walsallfcfoundation.com/sport/trials/,academy trials resources,0.25,"rank=, etv=35290.558980477974",pending
eliteplayerperformance.co.uk,https://www.eliteplayerperformance.co.uk/blog/how-to-prepare-for-a-football-academy-trial/?srsltid=AU7gw4VGsGcTQRCeyXDJq8kncGUyTv4oOGeyitkFbBFVweSfjlbleHMa,academy trials resources,0.75,"rank=, etv=284.91899854689837",pending
inventivefootballacademy.com,https://inventivefootballacademy.com/join-a-football-academy-team-in-london-youth-football-trials-inv3ntive/,academy trials resources,0.75,"rank=, etv=464.18300788477063",pending
parktopro.com,https://www.parktopro.com/the-trial-process/,academy trials resources,0.25,"rank=, etv=18.7149997651577",pending
stockportcounty.com,https://www.stockportcounty.com/club/academy/apply,academy trials resources,0.25,"rank=, etv=339228.3576935977",pending
epcoaching.co.uk,https://www.epcoaching.co.uk/football-academy,academy trials resources,0.5,"rank=, etv=290.4650012329221",pending
topballerzfc.com,https://www.topballerzfc.com/post/preparing-for-a-football-trial-tips-for-parents-and-players,academy trials advice for parents,0.5,"rank=, etv=282.66899760998785",pending
sport-excellence.co.uk,https://sport-excellence.co.uk/conversations-with-kids-elite-sports-academy-trials/,academy trials advice for parents,0.25,"rank=, etv=399.66300217062235",pending
soccertrials.com,https://www.soccertrials.com/,best academy trials websites uk,0.5,"rank=, etv=266.610998660326",pending
pftrials.com,https://www.pftrials.com/,best academy trials websites uk,0.25,"rank=, etv=76.06999965757132",pending
ukfootballtrials.com,https://ukfootballtrials.com/football-trials,how does academy trials work,0.25,"rank=, etv=11100.261843917891",pending
soccertutor.com,https://www.soccertutor.com/collections/soccer-and-football-coaching-books?srsltid=AU7gw4VFo8XSUm1SpuLih02HcGOhX-JqwXamw5JvYTV5V8KXC-7n6TjW,football coaching guide,0.25,"rank=, etv=3185.8009960725904",pending
specialolympics.org,https://media.specialolympics.org/soi/files/sports/Football+Coaching+Guide.pdf,football coaching guide,0.25,"rank=, etv=36723.49704122916",pending
futeboldaforca.com,https://futeboldaforca.com/fct-module3,football coaching guide,0.25,"rank=, etv=6.303999900817871",pending
gripactive.com,https://www.gripactive.com/blogs/news/a-comprehensive-guide-to-football-coaching?srsltid=AU7gw4WVLBrlAXifkGOsXUyH9a3_RaX3HPK96QTRoAsEZKve0BlQokM0,football coaching guide,0.25,"rank=, etv=10076.424478130415",pending
scribd.com,https://www.scribd.com/document/873491324/Complete-Football-Coaching-Guide,football coaching guide,0.75,"rank=, etv=7484540.152554637",crawled_no_broken_links
sportplan.net,https://www.sportplan.net/drills/Football/,football coaching guide,0.25,"rank=, etv=51300.43911863491",pending
sportsprogressionhub.com,https://sportsprogressionhub.com/products/u9-u10-football-academy-coach-guide,football coaching guide,1,"rank=, etv=1.3439999595284462",crawled_no_broken_links
thecoacheszone.com,https://www.thecoacheszone.com/,football coaching resources,0.25,"rank=, etv=1235.0680022612214",pending
soccercoachweekly.net,https://www.soccercoachweekly.net/coaching-advice/dealing-with-critical-parents,football coaching advice for parents,0.5,"rank=, etv=31727.274347493425",pending
pitchero.com,https://blog.pitchero.com/how-to-handle-parents-when-coaching-your-sports-team,football coaching advice for parents,0.5,"rank=, etv=520533.88039910607",pending
fca.org.uk,https://www.fca.org.uk/news/press-releases/football-clubs-warned-questionable-sponsorship-deals-unauthorised-firms,football coaching advice for parents,0.25,"rank=, etv=1393557.9419990908",pending
calculatedperformance.co.uk,https://www.calculatedperformance.co.uk/,best football coaching websites uk,0.5,"rank=, etv=534.0940006151795",pending
academysoccercoach.co.uk,https://academysoccercoach.co.uk/,best football coaching websites uk,0.75,"rank=, etv=578.8870003148913",pending
professionalsoccercoaching.com,https://www.professionalsoccercoaching.com/soccer/football-drills,football coaching tips,0.25,"rank=, etv=1715.4160051941872",pending
discountfootballkits.com,https://www.discountfootballkits.com/blog/fa-coaching-badges-how-to-be-a-football-coach/,how does football coaching work,0.5,"rank=, etv=346349.54549814016",pending
coachabilitygroup.com,https://coachabilitygroup.com/1-to-1-football-coaching,how does football coaching work,0.75,"rank=, etv=7797.6239859983325",pending
accademiadellosport.com,https://accademiadellosport.com/en/news/coaching-license-complete-guide/,how does football coaching work,0.25,unavailable,pending
bfcct.co.uk,https://www.bfcct.co.uk/programme/football-development-centre/,football development centre resources,0.25,"rank=, etv=19966.25900951214",pending
fulhamfc.com,https://www.fulhamfc.com/foundation/what-we-do/football-development,football development centre resources,0.25,"rank=, etv=1180719.0369395632",pending
u-sports.co.uk,https://www.u-sports.co.uk/post/how-our-football-development-centres-can-help-your-child-to-develop-grow,football development centre resources,0.5,"rank=, etv=718.6250008065253",pending
herefordshirefa.com,https://www.herefordshirefa.com/coaches/coaching-resources,football development centre resources,0.5,"rank=, etv=5429.858957096934",pending
jcfd.co.uk,https://www.jcfd.co.uk/,football development centre resources,0.25,"rank=, etv=170.94299998879433",pending
kinetickidsacademy.co.uk,https://kinetickidsacademy.co.uk/football-development-centres/,football development centre tips,0.5,"rank=, etv=725.5990011021495",pending
lovethegameuk.co.uk,https://lovethegameuk.co.uk/development-centre/,football development centre tips,0.25,"rank=, etv=27.46166069060564",pending
gofootballcoaching.co.uk,https://www.gofootballcoaching.co.uk/coaching-development-centre-training,football development centre tips,0.5,"rank=, etv=14.209999963641167",pending
ukfootballacademyfinder.com,https://ukfootballacademyfinder.com/football_pathway_advice/what-is-a-development-centre/,football development centre tips,0.25,"rank=, etv=139.94200087338686",pending
burtonalbioncommunitytrust.co.uk,https://burtonalbioncommunitytrust.co.uk/programmes/sportandcommunityinclusion/advanced-development/,football development centre tips,0.25,"rank=, etv=1466.2700165212154",pending
fpfacademy.com,https://fpfacademy.com/category/development-centres/,football development centre tips,0.5,"rank=, etv=1413.7410000320524",pending
birminghamfa.com,https://www.birminghamfa.com/about/rules-and-regulations/laws-of-the-game,county fa youth football guide,1,"rank=, etv=26173.260032927617",crawled_no_broken_links
chi.ac.uk,https://www.chi.ac.uk/sport/course/bsc-hons-football-coaching-and-performance/,county fa youth football guide,0.25,"rank=, etv=60810.73713084124",pending
essexfa.com,https://www.essexfa.com/,county fa youth football resources,0.5,"rank=, etv=8644.663105446845",pending
westridingfa.com,https://www.westridingfa.com/players/youth/parent-guide,county fa youth football advice for parents,0.5,"rank=, etv=15466.36181601137",pending
liverpoolfa.com,https://www.liverpoolfa.com/news/2021/oct/07/fa-guidance-for-football-related-activity-for-children-young-people,county fa youth football advice for parents,0.5,"rank=, etv=19188.19497623667",pending
manchesterfa.com,https://www.manchesterfa.com/,best county fa youth football websites uk,0.5,"rank=, etv=35770.685957031325",pending
clubtournament.co.uk,https://www.clubtournament.co.uk/,best county fa youth football websites uk,0.75,"rank=, etv=1765.0489628519863",pending
feedspot.com,https://rss.feedspot.com/uk_youth_football_rss_feeds/,best county fa youth football websites uk,0.5,"rank=, etv=98180.50716037676",pending
amateur-fa.com,https://www.amateur-fa.com/coach/matchday,best county fa youth football websites uk,1,"rank=, etv=3066.58701008372",crawled_no_broken_links
sussexfa.com,https://www.sussexfa.com/,county fa youth football tips,0.25,"rank=, etv=16161.197651103139",pending
saturdayfootballtips.co.uk,https://www.saturdayfootballtips.co.uk/tips/fa-cup/,county fa youth football tips,0.25,"rank=, etv=10985.180033508688",pending
durhamfa.com,https://www.durhamfa.com/,county fa youth football tips,0.5,"rank=, etv=5552.154052823782",pending
