opportunity_score,broken_url,broken_domain,old_resource_topic,total_referring_domains,quality_referring_domains,strongest_referring_domain,strongest_linking_url,follow_status,UK_relevance,football_relevance,existing_football_parent_url,replacement_quality,new_article_required,acquisition_candidate,recommended_action
38,https://www.grassroots-football.uk/grassroots-football-clubs/,grassroots-football.uk,Grassroots Clubs -  grassroots football clubs ,0,not_analysed (below threshold),,,mostly_dofollow,no,high,https://www.footballparent.co.uk/girls-football/girls-academy-vs-grassroots-football,new_article_opportunity,yes,yes,Investigate domain acquisition
35,https://www.grassroots-football.uk/,grassroots-football.uk,Click here to visit Grassroots Football UK and register your club -  ,1,not_analysed (below threshold),,,mostly_dofollow,yes,high,https://www.footballparent.co.uk/academy-pathway/can-academy-players-play-grassroots-football,new_article_opportunity,yes,yes,Investigate domain acquisition
30,https://www.englandfootball.com/play/youth-football/weetabix-wildcats?gclid=Cj0KCQjw06-oBhC6ARIsAGuzdw3NiJu18wq0nJljSenQYuzgQd6jYihd-ele9Te7a1qEXjBI1LhGFPgaAmF0EALw_wcB,englandfootball.com, play youth football weetabix wildcats,16,16,oundletownfc.co.uk,https://www.pitchero.com/clubs/lincolnunited/,mostly_dofollow,yes,medium,https://www.footballparent.co.uk/academy-pathway/can-academy-players-play-grassroots-football,new_article_opportunity,yes,no,Create replacement article then outreach
28,https://thebootroom.thefa.com/learning/qualifications/the-fa-playmaker,thefa.com,https://thebootroom.thefa.com/learning/qualifications/the-fa-playmaker Link -  learning qualifications the fa playmaker,93,93,middlesexfa.com,https://www.middlesexfa.com/,mostly_dofollow,yes,medium,https://www.footballparent.co.uk/coaching/what-qualifications-do-i-need-to-be-a-football-coach,new_article_opportunity,yes,yes,Investigate both acquisition and broken-link outreach
27,https://www.grassroots-football.uk/grassroots-football-tournaments/,grassroots-football.uk,Information about Tournaments -  grassroots football tournaments ,0,not_analysed (below threshold),,,mostly_dofollow,no,high,https://www.footballparent.co.uk/girls-football/girls-academy-vs-grassroots-football,new_article_opportunity,yes,yes,Investigate domain acquisition
27,https://www.grassroots-football.uk/grassroots-football-leagues/,grassroots-football.uk,Local Leagues (By Region) -  grassroots football leagues ,0,not_analysed (below threshold),,,mostly_dofollow,no,high,https://www.footballparent.co.uk/girls-football/girls-academy-vs-grassroots-football,new_article_opportunity,yes,yes,Investigate domain acquisition
26,http://www.nelsonfootballclub.co.uk/,nelsonfootballclub.co.uk,Nelson Football Club -  ,30,30,odp.org,https://www.odp.org/Sports/Soccer/UEFA/England/Clubs/N/Nelson/,mostly_nofollow,yes,medium,https://www.footballparent.co.uk/academy-pathway/can-academy-players-play-grassroots-football,new_article_opportunity,yes,yes,Investigate both acquisition and broken-link outreach
23,https://www.selby-district-junior-football-league.co.uk/,selby-district-junior-football-league.co.uk,Home | Selby &amp; District Junior Football League (selby-district-junior-football-league.co.uk) -  ,4,4,gooletowntigers.co.uk,https://www.gooletowntigers.co.uk/summer-tournament-2026/Sunday/,mostly_dofollow,yes,medium,https://www.footballparent.co.uk/parent-guides/what-is-the-junior-premier-league,new_article_opportunity,yes,yes,Investigate both acquisition and broken-link outreach
22,http://full-time.thefa.com/Index.do?league=4333696,thefa.com,Full Time - Cheltenham Youth Football League -  Index.do,2,not_analysed (below threshold),,,mostly_dofollow,yes,medium,https://www.footballparent.co.uk/football-development/good-football-development-environment,new_article_opportunity,yes,yes,Investigate domain acquisition
21,http://hthttp//www.thefa.com/GetIntoFootball/GetIntoFootballPages/Mini-Soccer,hthttp,http://hthttp://www.thefa.com/GetIntoFootball/GetIntoFootballPages/Mini-Soccer -   www.thefa.com GetIntoFootball GetIntoFootballPages Mini Soccer,0,not_analysed (below threshold),,,mostly_dofollow,yes,medium,https://www.footballparent.co.uk/football-gear/best-footballs-by-age,new_article_opportunity,yes,manual_check,Ignore
21,https://sts.sims.co.uk/login?signin=0e329b47f4b53bdf8f13471199f064ae,sims.co.uk,SIMS Parent App -  login,0,not_analysed (below threshold),,,mostly_dofollow,yes,medium,https://www.footballparent.co.uk/coaching/best-grassroots-football-apps,new_article_opportunity,yes,no,Ignore
20,https://knightfoundation.org/philanthropys-techno-solutionism-problem/,knightfoundation.org,Philanthropy’s techno-solutionism problem -  philanthropys techno solutionism problem ,19,19,datasociety.net,https://givingcompass.org/article/why-philanthropy-should-help-reign-in-the-power-of-technology,mostly_dofollow,yes,low,,new_article_opportunity,yes,no,Create replacement article then outreach
20,https://kpmg.com/uk/en/home/media/press-releases/2023/06/productivity-boost-from-generative-ai.html,kpmg.com,Productivity boost from generative AI could add £31 billion of GDP to the UK economy -  uk en home media press releases 2023 06 productivity boost from generative ai.html,10,10,standout-cv.com,https://standout-cv.com/stats/ai-in-recruitment-statistics-uk,mostly_dofollow,yes,low,https://www.footballparent.co.uk/parent-guides/what-to-say-after-football-matches,new_article_opportunity,yes,no,Create replacement article then outreach
20,https://www.emilyrand.com/,emilyrand.com,Illustration by Emily Rand -  ,23,23,jrf.org.uk,https://rcwlitagency.com/clients/emily-rand,mostly_dofollow,yes,low,,new_article_opportunity,yes,no,Create replacement article then outreach
20,https://sheffieldfc.com/the-worlds-first/history,sheffieldfc.com,Nathaniel Creswick and William Prest -  the worlds first history,43,43,hmfckickback.co.uk,https://www.hmfckickback.co.uk/index.php?/topic/208306-the-epl-is-soulless/page/3/,mostly_dofollow,yes,low,https://www.footballparent.co.uk/football-development/playing-up-an-age-group-football,new_article_opportunity,yes,no,Create replacement article then outreach
20,https://www.stayalive.app/,stayalive.app,Having suicidal thoughts? -  ,318,318,prevent-suicide.org.uk,https://prevent-suicide.org.uk/stay-alive-app-grassroots-suicide-prevention/,mostly_dofollow,yes,low,,new_article_opportunity,yes,yes,Investigate both acquisition and broken-link outreach
20,http://www.premierleague.com/content/premierleague/en-gb/youth/elite-player-performance-plan.html,premierleague.com, content premierleague en gb youth elite player performance plan.html,22,22,tomkinstimes.com,https://tomkinstimes.com/2014/07/strengthening-the-strong-weakening-the-weak/,mostly_dofollow,no,low,https://www.footballparent.co.uk/academy-pathway/what-is-eppp,close_replacement,no,no,Contact linking site and suggest existing Football Parent article
20,https://thefa.shorthandstories.com/futurefit/index.html,shorthandstories.com,CONTENT HUB -  futurefit index.html,35,35,englandfootball.com,https://www.englandfootball.com/articles/2025/Feb/21/Future-Fit-grassroots-youth-football-england-update-20252102,mostly_dofollow,yes,low,https://www.footballparent.co.uk/football-development/new-fa-youth-football-format,new_article_opportunity,yes,no,Create replacement article then outreach
19,https://affinity.hosting/,affinity.hosting,Affinity Hosting- Managed WordPress Hosting -  ,78,78,ukkayaking.co.uk,https://savaspace.co.uk/,mostly_dofollow,yes,low,,new_article_opportunity,yes,manual_check,Create replacement article then outreach
19,https://grassrootstechnology.freshdesk.com/support/solutions/articles/48000979384-downloading-squad-lists,freshdesk.com, support solutions articles 48000979384 downloading squad lists,13,13,leaguesystem.co.uk,https://swrwfl.co.uk/index.php,mostly_dofollow,yes,low,https://www.footballparent.co.uk/academy-pathway/understanding-academy-release,new_article_opportunity,yes,no,Create replacement article then outreach
19,https://grassrootstechnology.freshdesk.com/support/solutions/folders/48000670910,freshdesk.com, support solutions folders 48000670910,15,15,leaguesystem.co.uk,https://swrwfl.co.uk/index.php,mostly_dofollow,yes,low,https://www.footballparent.co.uk/academy-pathway/understanding-academy-release,new_article_opportunity,yes,no,Create replacement article then outreach
19,https://yet2decide.co.uk/,yet2decide.co.uk,Careers Expo -  ,125,125,sch.life,https://www.summerhill.dudley.sch.uk/,mostly_dofollow,yes,low,,new_article_opportunity,yes,manual_check,Create replacement article then outreach
19,http://www.connexionsdudley.org/,connexionsdudley.org,Connexions Dudley -  ,18,18,halesbury.dudley.sch.uk,https://www.halesbury.dudley.sch.uk/whats-happening/school-calendar/2026/November,mostly_dofollow,yes,low,,new_article_opportunity,yes,yes,Investigate both acquisition and broken-link outreach
19,http://www.careercamel.com/,careercamel.com,Career Camel -  ,31,31,onrec.com,https://www.onrec.com/directory/job-boards/career-camel,mostly_dofollow,yes,low,,new_article_opportunity,yes,yes,Investigate both acquisition and broken-link outreach
19,https://itunes.apple.com/us/app/school-life/id1066342675?ls=1&mt=8,apple.com, us app school life id1066342675,107,107,sch.life,https://support.sch.life/Page/Blog,mostly_dofollow,yes,low,https://www.footballparent.co.uk/coaching/football-team-spreadsheet,new_article_opportunity,yes,no,Create replacement article then outreach
19,https://thebootroom.thefa.com/learning/qualifications/introduction-to-coaching-football,thefa.com,FA Introduction to Coaching Football https://thebootroom.thefa.com/learning/qualifications/introduction-to-coaching-football Link -  learning qualifications introduction to coaching football,59,59,middlesexfa.com,https://www.middlesexfa.com/,mostly_dofollow,yes,low,https://www.footballparent.co.uk/coaching/what-qualifications-do-i-need-to-be-a-football-coach,new_article_opportunity,yes,yes,Investigate both acquisition and broken-link outreach
19,http://www.scottishfa.co.uk/,scottishfa.co.uk,http://www.scottishfa.co.uk/ -  ,712,712,highlandfootballleague.com,https://www.highlandfootballleague.com/LeagueTable/,mostly_dofollow,yes,low,,new_article_opportunity,yes,no,Create replacement article then outreach
19,https://www.youngstonewall.org.uk/,youngstonewall.org.uk,https://www.youngstonewall.org.uk/ -  ,109,109,doncaster.gov.uk,https://boutique-lgbtqia.fr/mois-de-lhistoire-lgbt/,mostly_dofollow,yes,low,,new_article_opportunity,yes,no,Create replacement article then outreach
19,https://www.englandfootball.com/explore/inclusive-football/Respect,englandfootball.com,https://www.englandfootball.com/explore/inclusive-football/Respect -  explore inclusive football Respect,76,76,southernamateurleague.co.uk,https://bourtonroversfootball.com/new-page-2,mostly_dofollow,yes,low,,new_article_opportunity,yes,no,Create replacement article then outreach
19,https://home.barclays/who-we-are/sponsorship/Barclays-Community-Football-Fund/,home.barclays,https://home.barclays/who-we-are/sponsorship/Barclays-Community-Football-Fund/ -  who we are sponsorship Barclays Community Football Fund ,21,21,blantyreceltic.com,https://www.lemonadereps.com/news/2022/9/15/papaya-films-and-dan-french-collaborates-with-barclays-for-the-community-football-fund,mostly_dofollow,yes,low,https://www.footballparent.co.uk/parent-guides/what-to-say-after-football-matches,new_article_opportunity,yes,no,Create replacement article then outreach
19,https://navca.org.uk/find-a-member-1,navca.org.uk,Community Voluntary Sector -  find a member 1,53,53,cvsbeds.org.uk,http://www.essexconnects.org.uk/,mostly_dofollow,yes,low,https://www.footballparent.co.uk/football-gear/best-footballs-by-age,new_article_opportunity,yes,no,Create replacement article then outreach
19,https://www.sportenglandclubmatters.com/,sportenglandclubmatters.com,Sport England Club Matters -  ,128,128,british-gymnastics.org,https://sites.google.com/ukultimate.com/ukuwelfarepack/home,mostly_dofollow,yes,low,https://www.footballparent.co.uk/academy-pathway/can-academy-players-play-grassroots-football,new_article_opportunity,yes,yes,Investigate both acquisition and broken-link outreach
19,https://thebootroom.thefa.com/learning/qualifications/introduction-to-first-aid-in-football,thefa.com,https://thebootroom.thefa.com/learning/qualifications/introduction-to-first-aid-in-football Link -  learning qualifications introduction to first aid in football,28,28,middlesexfa.com,https://www.middlesexfa.com/,mostly_dofollow,yes,low,https://www.footballparent.co.uk/coaching/what-qualifications-do-i-need-to-be-a-football-coach,new_article_opportunity,yes,yes,Investigate both acquisition and broken-link outreach
19,https://thebootroom.thefa.com/learning/qualifications/online-safeguarding-children-re-certification,thefa.com,https://thebootroom.thefa.com/learning/qualifications/online-safeguarding-children-re-certification Link -  learning qualifications online safeguarding children re certification,25,25,lancashirefa.com,https://help.lancashirefa.com/support/solutions/articles/76000057993-safeguarding-children-recertification-foc-,mostly_dofollow,yes,low,https://www.footballparent.co.uk/coaching/what-qualifications-do-i-need-to-be-a-football-coach,new_article_opportunity,yes,yes,Investigate both acquisition and broken-link outreach
19,https://thebootroom.thefa.com/learning/qualifications,thefa.com,https://thebootroom.thefa.com/learning/qualifications -  learning qualifications,22,22,searchlabz.com,https://searchlabz.com/thisfootballcoachcourses/,mostly_dofollow,yes,low,https://www.footballparent.co.uk/coaching/what-qualifications-do-i-need-to-be-a-football-coach,new_article_opportunity,yes,yes,Investigate both acquisition and broken-link outreach
19,http://www.thefa.com/get-involved/respect/we-only-do-positive,thefa.com,FA We Only Do Positive Campaign -  get involved respect we only do positive,10,10,jfa.jp,http://www.nunthorpejfc.co.uk/child-welfare.html,mostly_dofollow,yes,low,https://www.footballparent.co.uk/academy-pathway/how-to-join-a-football-academy,new_article_opportunity,yes,yes,Investigate both acquisition and broken-link outreach
19,http://www.bbc.co.uk/bitesize/ks1/maths/,bbc.co.uk,http://www.bbc.co.uk/bitesize/ks1/maths/ -  bitesize ks1 maths ,359,359,leckaunns.blogspot.com,https://iundervisning.dk/www-bbc-co-uk-matematik/,mostly_dofollow,yes,low,,new_article_opportunity,yes,no,Create replacement article then outreach
19,http://www.bbc.co.uk/bitesize/ks2/maths,bbc.co.uk,http://www.bbc.co.uk/bitesize/ks2/maths -  bitesize ks2 maths,33,33,room6pukehb2015.blogspot.com,https://www.tattenhallpark.cheshire.sch.uk/page/helpful-websites/38202,mostly_dofollow,yes,low,,new_article_opportunity,yes,no,Create replacement article then outreach
19,http://www.primaryhomeworkhelp.co.uk/,primaryhomeworkhelp.co.uk,http://www.primaryhomeworkhelp.co.uk/ -  ,550,550,shawhill.bham.sch.uk,https://www.charltonmanorprimary.co.uk/,mostly_dofollow,yes,low,,new_article_opportunity,yes,manual_check,Create replacement article then outreach
19,https://primarystarseducation.co.uk/covid-19-year-1/,primarystarseducation.co.uk,Primary Stars -  covid 19 year 1 ,14,14,lozells.bham.sch.uk,https://www.st-philipneri.notts.sch.uk/curriculum/remote-learning/,mostly_dofollow,yes,low,https://www.footballparent.co.uk/coaching/football-drills-for-7-and-8-year-olds,new_article_opportunity,yes,no,Create replacement article then outreach
19,https://opencheck.atomwide.com/default.aspx,atomwide.com, default.aspx,98,98,rgreeninf.brent.sch.uk,https://www.rebeccacheetham.newham.sch.uk/,mostly_dofollow,yes,low,,new_article_opportunity,yes,no,Create replacement article then outreach
19,https://www.jobcentrenearme.com/,jobcentrenearme.com,https://www.jobcentrenearme.com/ -  ,242,242,curwen.newham.sch.uk,https://www.whittingtonparishcouncil.org/directory/job-centre-near-me,mostly_dofollow,yes,low,,new_article_opportunity,yes,yes,Investigate both acquisition and broken-link outreach
19,https://www.ceop.police.uk/Ceop-Report/,police.uk, Ceop Report ,146,146,hallcrossacademy.co.uk,https://www.rebeccacheetham.newham.sch.uk/,mostly_dofollow,yes,low,,new_article_opportunity,yes,no,Create replacement article then outreach
18,https://bsky.app/profile/jrf-uk.bsky.social,bsky.app,BlueSky Social -  profile jrf uk.bsky.social,6,6,jrf.org.uk,https://www.jrf.org.uk/,mostly_dofollow,yes,low,,new_article_opportunity,yes,no,Create replacement article then outreach
18,http://www.bristolrovers.co.uk/page/Welcome,bristolrovers.co.uk,http://www.bristolrovers.co.uk/page/Welcome -  page Welcome,7,7,forevertheposh.blogspot.com,https://www.bbc.com/news/uk-england-bristol-13670654,mostly_dofollow,yes,low,,new_article_opportunity,yes,no,Create replacement article then outreach
17,https://lpoolcouncil.bsky.social/,bsky.social,Bluesky -  ,3,3,liverpool.gov.uk,https://liverpool.gov.uk/,mostly_dofollow,yes,low,,new_article_opportunity,yes,no,Create replacement article then outreach
17,https://www.stayalive.app/find-help-now/urgent-support/,stayalive.app,Need urgent help? -  find help now urgent support ,3,3,prevent-suicide.org.uk,https://prevent-suicide.org.uk/stay-alive-app-grassroots-suicide-prevention/,mostly_dofollow,yes,low,https://www.footballparent.co.uk/coaching/what-qualifications-do-i-need-to-be-a-football-coach,new_article_opportunity,yes,yes,Investigate both acquisition and broken-link outreach
16,https://www.cbf.com.br/cbf-academy,com.br,CBF AcademyBrazilian Football Academy -  cbf academy,2,not_analysed (below threshold),,,mostly_dofollow,no,medium,https://www.footballparent.co.uk/girls-football/girls-academy-vs-grassroots-football,new_article_opportunity,yes,yes,Investigate domain acquisition
16,https://www.jfa.jp/jfaacademy/,jfa.jp,JFA AcademyJFA Academy youth development -  jfaacademy ,1,not_analysed (below threshold),,,mostly_dofollow,no,low,https://www.footballparent.co.uk/football-development/relative-age-effect-football,close_replacement,no,no,Ignore
16,https://jrf-jrht-brand.frontify.com/api/asset/eyJjbGllbnRJZCI6ImNsaWVudC1tenFieWtsc2Z0ZHpoN3V3IiwiaWQiOjEwMDMyLCJ0aW1lc3RhbXAiOjE3MjA0MjgyMzUsInZlcnNpb24iOjE3MjAxOTE0NDh9:joseph-rowntree-foundation:IdVEs2xGj76XONELmnqH9UOijgHUPmM0BWVd2rJNBHI/download,frontify.com,"Download - We and AI Survey Document pdf, 1.02 MB -  api asset eyJjbGllbnRJZCI6ImNsaWVudC1tenFieWtsc2Z0ZHpoN3V3IiwiaWQiOjEwMDMyLCJ0aW1lc3RhbXAiOjE3MjA0MjgyMzUsInZlcnNpb24iOjE3MjAxOTE0NDh9:joseph rownt",1,not_analysed (below threshold),,,mostly_dofollow,yes,low,https://www.footballparent.co.uk/academy-pathway/can-academy-players-play-grassroots-football,new_article_opportunity,yes,no,Ignore
16,https://apps.apple.com/bj/app/united-counties-league/id997689608,apple.com,IOS -  bj app united counties league id997689608,0,not_analysed (below threshold),,,mostly_dofollow,yes,low,https://www.footballparent.co.uk/coaching/football-team-spreadsheet,new_article_opportunity,yes,no,Ignore
16,https://www.grassroots-football.uk/partners/,grassroots-football.uk,Other Partners that support Grassroots Sport -  partners ,0,not_analysed (below threshold),,,mostly_dofollow,no,medium,https://www.footballparent.co.uk/girls-football/girls-academy-vs-grassroots-football,new_article_opportunity,yes,yes,Investigate domain acquisition
16,https://stratton-cofe-primary-school.primarysite.media/,primarysite.media,Stratton Videos -  ,2,not_analysed (below threshold),,,mostly_dofollow,yes,low,,new_article_opportunity,yes,no,Ignore
16,http://kbsbuildingcontractors.co.uk/index.html,kbsbuildingcontractors.co.uk, index.html,2,not_analysed (below threshold),,,mostly_dofollow,yes,low,,new_article_opportunity,yes,manual_check,Ignore
16,https://www.youthsporttrust.org/resources/inclusion/inclusion-2020-youth-voice-toolkit,youthsporttrust.org,Youth Sport Trust -  resources inclusion inclusion 2020 youth voice toolkit,2,not_analysed (below threshold),,,mostly_dofollow,yes,low,https://www.footballparent.co.uk/football-development/relative-age-effect-football,new_article_opportunity,yes,no,Ignore
16,https://www.sportenglandclubmatters.com/participant-development/reaching-different-audiences/ethnically-diverse-communities/,sportenglandclubmatters.com,Sport England Club Matters -  participant development reaching different audiences ethnically diverse communities ,2,not_analysed (below threshold),,,mostly_dofollow,yes,low,https://www.footballparent.co.uk/academy-pathway/can-academy-players-play-grassroots-football,new_article_opportunity,yes,yes,Investigate domain acquisition
16,https://reading-rdg.place-advisor.co.uk/istanbul-food-centre/,place-advisor.co.uk, istanbul food centre ,2,not_analysed (below threshold),,,mostly_dofollow,yes,low,https://www.footballparent.co.uk/academy-trials/what-happens-at-academy-trials,new_article_opportunity,yes,no,Ignore
16,https://cars.suzuki.co.uk/dealers/wlmg/?CampaignCode=CMP-03769-K3J8&amp;source=ppc&amp;gclid=EAIaIQobChMIoqTq9MHo8QIVCO3tCh3AJAT9EAAYASAAEgKnYvD_BwE&amp;gclsrc=aw.ds,suzuki.co.uk, dealers wlmg ,0,not_analysed (below threshold),,,mostly_dofollow,yes,low,,new_article_opportunity,yes,no,Ignore
16,https://landing.braziliansoccerschools.co.uk/,braziliansoccerschools.co.uk,Become a franchisee -  ,1,not_analysed (below threshold),,,mostly_dofollow,yes,low,https://www.footballparent.co.uk/parent-guides/how-to-become-a-football-coach,new_article_opportunity,yes,yes,Investigate domain acquisition
16,http://www.literacytrust.org.uk/reading_the_game/resources/tom_palmer_resources,literacytrust.org.uk, reading the game resources tom palmer resources,3,3,anabelsblog.blogspot.com,https://tompalmer.co.uk/schools-librarians/literacy-resources/,mostly_dofollow,yes,low,https://www.footballparent.co.uk/girls-football/girls-rtcs-explained,new_article_opportunity,yes,no,Create replacement article then outreach
16,http://www.pendlecommunitynetwork.org.uk/,pendlecommunitynetwork.org.uk,Pendle Community Network -  ,4,4,pendle.net,http://www.nelsontowncouncil.gov.uk/Useful_Links_22075.aspx,mostly_dofollow,yes,low,,new_article_opportunity,yes,manual_check,Create replacement article then outreach
16,http://www.elascitt.com/,elascitt.com,http://www.elascitt.com/ -  ,4,4,curwen.newham.sch.uk,https://www.curwen.newham.sch.uk/,mostly_dofollow,yes,low,,new_article_opportunity,yes,manual_check,Create replacement article then outreach
15,https://schro.link/zrgqxq,schro.link, zrgqxq,0,not_analysed (below threshold),,,mostly_dofollow,yes,low,,new_article_opportunity,yes,no,Ignore
15,https://login.thefa.com/b2cthefa.onmicrosoft.com/b2c_1a_signup_signinmfaroles/oauth2/v2.0/authorize?client_id=94ec12b8-9670-487d-919b-da5e00512d5c&amp;scope=94ec12b8-9670-487d-919b-da5e00512d5c%20openid%20profile%20offline_access&amp;redirect_uri=https://clubs.thefa.com/&amp;client-request-id=0199e2e9-74b9-7f66-a572-066b9c161d86&amp;response_mode=fragment&amp;response_type=code&amp;x-client-SKU=msal.js.browser&amp;x-client-VER=3.14.0&amp;client_info=1&amp;code_challenge=Fm6G8qa5d8NkkG0bi1YeWFXeRcjwoB2Ncd41cQT2tU8&amp;code_challenge_method=S256&amp;nonce=0199e2e9-74bb-7cec-9284-7b71ec427172&amp;state=eyJpZCI6IjAxOTllMmU5LTc0YmEtNzVhZC04ZTc2LWFiNWEwMzQyNDQ5MiIsIm1ldGEiOnsiaW50ZXJhY3Rpb25UeXBlIjoicmVkaXJlY3QifX0=&amp;FAAppToken=CP,thefa.com, b2cthefa.onmicrosoft.com b2c 1a signup signinmfaroles oauth2 v2.0 authorize,0,not_analysed (below threshold),,,mostly_dofollow,yes,low,,new_article_opportunity,yes,yes,Investigate domain acquisition
15,https://www.scottishfa.co.uk/football-development/player-pathway/,scottishfa.co.uk,Scottish FA Player PathwayScotland&#x27;s player development framework -  football development player pathway ,1,not_analysed (below threshold),,,mostly_dofollow,yes,low,https://www.footballparent.co.uk/academy-pathway/fulham-fc-development-centre-guide,new_article_opportunity,yes,no,Ignore
15,https://mcp.community/,mcp.community, ,63,63,hoddesdontownfc.co.uk,https://www.nhmfframeworx.org.uk/provider/mcp-plus-ltd/,mostly_dofollow,yes,low,,not_relevant,no,manual_check,Ignore
15,https://mcdrainagesolutionsltd.co.uk/,mcdrainagesolutionsltd.co.uk, ,12,12,hoddesdontownfc.co.uk,https://www.hoddesdontownfc.co.uk/,mostly_dofollow,yes,low,,not_relevant,no,manual_check,Ignore
15,http://www.springboard.pro/,springboard.pro, ,12,12,cambournetownfc.org.uk,https://www.cambournetownfc.org.uk/,mostly_dofollow,yes,low,,not_relevant,no,yes,Investigate both acquisition and broken-link outreach
15,https://www.littleaqua.co.uk/,littleaqua.co.uk, ,24,24,cambournetownfc.org.uk,https://www.bearshare.org/prepare-your-kids-for-traveling/,mostly_dofollow,yes,low,,not_relevant,no,manual_check,Ignore
15,https://football.mitoo.co.uk/News.cfm?LeagueCode=SSEC2017&#038;NB=0,mitoo.co.uk, News.cfm,0,not_analysed (below threshold),,,mostly_dofollow,yes,low,,new_article_opportunity,yes,yes,Investigate domain acquisition
15,https://football.mitoo.co.uk/News.cfm?LeagueCode=SSEC2017&amp;NB=0,mitoo.co.uk,Surrey South East Combination -  News.cfm,0,not_analysed (below threshold),,,mostly_dofollow,yes,low,https://www.footballparent.co.uk/academy-pathway/crystal-palace-development-centre-guide,new_article_opportunity,yes,yes,Investigate domain acquisition
15,http://www.avonyl.co.uk/,avonyl.co.uk,http://www.avonyl.co.uk -  ,5,5,pucklechurch.org,http://www.pucklechurch.org/html/youth_football.html,mostly_nofollow,yes,low,,new_article_opportunity,yes,manual_check,Create replacement article then outreach
15,https://login.thefa.com/b2cthefa.onmicrosoft.com/b2c_1a_signup_signin_plyreg/oauth2/v2.0/authorize?client_id=71fbae14-8952-460b-bc96-d12524391890&#038;redirect_uri=https%3A%2F%2Fwholegame.thefa.com%2FIndividual%2FInvoice%2FSummary&#038;response_mode=form_post&#038;response_type=code%20id_token&#038;scope=openid&#038;state=OpenIdConnect.AuthenticationProperties%3DfI3DD6kRr9Yem5fM2H8Nq8jCxtxb72YbLSnoT-JyAXkDLKcUtjpnkTp9qhTYiEnJUrG_JEQnjfQpSTz6q4cs4212KkFfOIKSaYlneu7BrKjwqf-M6WaE8zkadpiIrf3tvHxfwx5T1MSug5E39hsdzdlwwIeHK4uHnzhYVOiFYusDl5LwYMVZjLyZlCZ-xRbuW1lEykpZ0EqlA1PshUCz9P-dYuI&#038;nonce=638171883759391566.NTljMWU5YzgtZjAyNy00ZDdlLWI1NzQtZGRmNTk1YzFmMTI5NzJlZWU0NWQtZWJhZS00MTlkLWEzNjAtZmRiYjQ4MzhlODNj&#038;FAAppToken=WGS&#038;x-client-SKU=ID_NET45&#038;x-client-ver=5.5.0.0,thefa.com, b2cthefa.onmicrosoft.com b2c 1a signup signin plyreg oauth2 v2.0 authorize,0,not_analysed (below threshold),,,mostly_dofollow,yes,low,,new_article_opportunity,yes,yes,Investigate domain acquisition
15,https://login.thefa.com/b2cthefa.onmicrosoft.com/b2c_1a_signup_signin_plyreg/oauth2/v2.0/authorize?client_id=71fbae14-8952-460b-bc96-d12524391890&amp;redirect_uri=https%3A%2F%2Fwholegame.thefa.com%2FIndividual%2FInvoice%2FSummary&amp;response_mode=form_post&amp;response_type=code%20id_token&amp;scope=openid&amp;state=OpenIdConnect.AuthenticationProperties%3DfI3DD6kRr9Yem5fM2H8Nq8jCxtxb72YbLSnoT-JyAXkDLKcUtjpnkTp9qhTYiEnJUrG_JEQnjfQpSTz6q4cs4212KkFfOIKSaYlneu7BrKjwqf-M6WaE8zkadpiIrf3tvHxfwx5T1MSug5E39hsdzdlwwIeHK4uHnzhYVOiFYusDl5LwYMVZjLyZlCZ-xRbuW1lEykpZ0EqlA1PshUCz9P-dYuI&amp;nonce=638171883759391566.NTljMWU5YzgtZjAyNy00ZDdlLWI1NzQtZGRmNTk1YzFmMTI5NzJlZWU0NWQtZWJhZS00MTlkLWEzNjAtZmRiYjQ4MzhlODNj&amp;FAAppToken=WGS&amp;x-client-SKU=ID_NET45&amp;x-client-ver=5.5.0.0,thefa.com,Whole Game System -  b2cthefa.onmicrosoft.com b2c 1a signup signin plyreg oauth2 v2.0 authorize,0,not_analysed (below threshold),,,mostly_dofollow,yes,low,https://www.footballparent.co.uk/girls-football/girls-rtcs-explained,new_article_opportunity,yes,yes,Investigate domain acquisition
15,https://fulltime-admin.thefa.com/b2c/signinLanding.html,thefa.com,FA Full-Time Admin System -  b2c signinLanding.html,1,not_analysed (below threshold),,,mostly_dofollow,yes,low,https://www.footballparent.co.uk/coaching/football-team-spreadsheet,new_article_opportunity,yes,yes,Investigate domain acquisition
15,https://login.thefa.com/b2cthefa.onmicrosoft.com/b2c_1a_signup_signin_wgswithroles/oauth2/v2.0/authorize?client_id=71fbae14-8952-460b-bc96-d12524391890&amp;redirect_uri=https%3A%2F%2Fwholegame.thefa.com%2FIndividual%2FInvoice%2FSummary&amp;response_mode=form_post&amp;response_type=code%20id_token&amp;scope=openid&amp;state=OpenIdConnect.AuthenticationProperties%3Dz1DT9ID9ss74GuY64dTbpOJDWAhNUyO7PpB9A3g8u2IDyEhrIPbqcGDuhskW2XqZlnJ4kGzQr_1kffs004A8StYxPV7mqTyjKUC5_aC8n9-Z6sIKU_bmKkrBxaPdEzTFrerXUzyRe5bVslWhXa30p4gSz59zNH7MtoONDVgWJ5IKvekoCEgnhatjSM3sjmPj_l2f13RRjDP0e5Ts9Im4cVALSrU&amp;nonce=637787235006881887.MTA0MzExMmEtMjk4Yi00ODBmLThmMzItMjkyMDFjNzljYWRjMGYwYWY2ZmItMDliOC00M2E0LTk2ZjMtOWQ1NGVkOWQzMjNl&amp;x-client-SKU=ID_NET45&amp;x-client-ver=5.5.0.0,thefa.com,FA Whole Game System -  b2cthefa.onmicrosoft.com b2c 1a signup signin wgswithroles oauth2 v2.0 authorize,0,not_analysed (below threshold),,,mostly_dofollow,yes,low,https://www.footballparent.co.uk/girls-football/girls-rtcs-explained,new_article_opportunity,yes,yes,Investigate domain acquisition
15,https://bit.ly/WZ-Lancing,bit.ly, WZ Lancing,1,not_analysed (below threshold),,,mostly_dofollow,yes,low,,new_article_opportunity,yes,yes,Investigate domain acquisition
15,http://http/http://full-time.thefa.com/Index.do?divisionseason=1217879&amp;league=4508388,http,http://http:/http://full-time.thefa.com/Index.do?divisionseason=1217879&amp;league=4508388 -  http:  full time.thefa.com Index.do,0,not_analysed (below threshold),,,mostly_dofollow,yes,low,https://www.footballparent.co.uk/football-development/good-football-development-environment,new_article_opportunity,yes,manual_check,Ignore
15,https://www.englandfootball.com/explore/safeguarding,englandfootball.com,https://www.englandfootball.com/explore/safeguarding -  explore safeguarding,1,not_analysed (below threshold),,,mostly_dofollow,yes,low,https://www.footballparent.co.uk/parent-guides/how-to-become-a-football-coach,new_article_opportunity,yes,no,Ignore
15,https://www.sportenglandclubmatters.com/participant-development/reaching-different-audiences/engaging-lower-socio-economic-groups-lseg-1/,sportenglandclubmatters.com,Sport England Club Matters -  participant development reaching different audiences engaging lower socio economic groups lseg 1 ,1,not_analysed (below threshold),,,mostly_dofollow,yes,low,https://www.footballparent.co.uk/academy-pathway/can-academy-players-play-grassroots-football,new_article_opportunity,yes,yes,Investigate domain acquisition
15,https://www.sportingequals.org.uk/research-and-advice/research/research-report-into-south-asian-women-and-inactivity-october-2018.html,sportingequals.org.uk,Sporting Equals -  research and advice research research report into south asian women and inactivity october 2018.html,1,not_analysed (below threshold),,,mostly_dofollow,yes,low,https://www.footballparent.co.uk/academy-pathway/crystal-palace-development-centre-guide,new_article_opportunity,yes,no,Ignore
15,https://www.irishfa.com/irish-football-association/coach-education/coaching-resources,irishfa.com,https://www.irishfa.com/irish-football-association/coach-education/coaching-resources -  irish football association coach education coaching resources,1,not_analysed (below threshold),,,mostly_dofollow,yes,low,https://www.footballparent.co.uk/football-development/is-private-football-coaching-worth-it,new_article_opportunity,yes,no,Ignore
15,http://www.hatherleightownafc.co.uk/club/295077/Home,hatherleightownafc.co.uk,Hatherleigh Town AFC (adult team) -  club 295077 Home,1,not_analysed (below threshold),,,mostly_dofollow,yes,low,https://www.footballparent.co.uk/coaching/football-team-spreadsheet,new_article_opportunity,yes,manual_check,Ignore
15,http://www.knights1759.co.uk/,knights1759.co.uk, ,18,18,cavershamafc.co.uk,https://www.bcllegal.com/the-brief/opinion/responding-to-recent-insight-that-claims-75-per-cent-of-the-current-uks-top-200-firms-may-disappear-in-the-next-five-years-david-beech-ceo-of-knights-professionals-services-shares-his-views,mostly_dofollow,yes,low,,not_relevant,no,yes,Investigate both acquisition and broken-link outreach
15,https://www.stratatiles.co.uk/,stratatiles.co.uk, ,21,21,cavershamafc.co.uk,https://www.southwark.co.uk/listing/1448651-Strata-Tiles/,mostly_dofollow,yes,low,,not_relevant,no,no,Ignore
15,https://support.scottishfa.co.uk/portal/kb?btn=61&amp;id=300&amp;text=add+players%2C+officials+and+kits+to+a+teamline+on+desktop&amp;entity=articles&amp;fbclid=IwY2xjawMJcylleHRuA2FlbQIxMQABHop4YlAJ-YSpoweGlWzNEIEIQnfOBk5PSB1BXM3Bz9yU_2HQW-j_npGoCOz-_aem_NFlKwhs8g-GKB2Fl,scottishfa.co.uk,Comet Teamlines -  portal kb,0,not_analysed (below threshold),,,mostly_dofollow,yes,low,,new_article_opportunity,yes,no,Ignore
15,http://www.teachingenglish.org.uk/try/britlit/mystery-stolen-fa-cup-medal,teachingenglish.org.uk,here. -  try britlit mystery stolen fa cup medal,1,not_analysed (below threshold),,,mostly_dofollow,yes,low,https://www.footballparent.co.uk/football-development/why-isnt-my-child-improving-at-football,new_article_opportunity,yes,no,Ignore
15,http://issuu.com/barringtonstoke/docs/call_of_duty/1?e=2213880/7442461,issuu.com,here. -  barringtonstoke docs call of duty 1,1,not_analysed (below threshold),,,mostly_dofollow,yes,low,https://www.footballparent.co.uk/football-development/why-isnt-my-child-improving-at-football,new_article_opportunity,yes,no,Ignore
15,https://www.thethoughtfulspotbooks.com/tom-palmer-books,thethoughtfulspotbooks.com,here. -  tom palmer books,1,not_analysed (below threshold),,,mostly_dofollow,yes,low,https://www.footballparent.co.uk/football-development/why-isnt-my-child-improving-at-football,new_article_opportunity,yes,yes,Investigate domain acquisition
15,https://www.wheelers.co.nz/books/9781781129487-after-the-war-from-auschwitz-to-ambleside/?publisher=Barrington+Stoke+Ltd&amp;sort=alpha&amp;page=2,co.nz,Wheelers -  books 9781781129487 after the war from auschwitz to ambleside ,0,not_analysed (below threshold),,,mostly_dofollow,yes,low,https://www.footballparent.co.uk/parent-guides/what-to-say-after-football-matches,new_article_opportunity,yes,manual_check,Ignore
15,https://www.chapters.indigo.ca/en-ca/books/after-the-war/9781781129487-item.html?ikwid=After+the+War+by+Tom+Palmer&amp;ikwsec=Home&amp;ikwidx=0#algoliaQueryId=26ceaf613cc68035925cbe9dfb1b3c16,indigo.ca,Indigo books -  en ca books after the war 9781781129487 item.html,0,not_analysed (below threshold),,,mostly_dofollow,yes,low,https://www.footballparent.co.uk/parent-guides/what-to-say-after-football-matches,new_article_opportunity,yes,no,Ignore
15,http://www.sefton.lscb.co.uk/,lscb.co.uk,Child protection and safeguarding -  ,1,not_analysed (below threshold),,,mostly_dofollow,yes,low,https://www.footballparent.co.uk/football-gear/best-shin-pads-for-kids-football,new_article_opportunity,yes,manual_check,Ignore
15,https://swimclinic.school/,swimclinic.school, ,22,22,didcottownyouthfc.co.uk,https://bestonlinecasinomexico.online/serp-growth-network/reliable-contextual-link-placements-to-improve-citation-flow-improve-google-rankings-for-competitive-serp-results-30e2bb.html,mostly_dofollow,yes,low,,not_relevant,no,yes,Investigate both acquisition and broken-link outreach
14,https://www.akehurstgroup.com/,akehurstgroup.com, ,22,22,suttonunited.net,https://www.suttonunited.net/,mostly_dofollow,yes,low,,not_relevant,no,no,Ignore
14,https://www.baronscambridgebmw.co.uk/,baronscambridgebmw.co.uk, ,9,9,cambournetownfc.org.uk,https://www.simplygreatcoffee.co.uk/barons-bmw/,mostly_dofollow,yes,low,,not_relevant,no,yes,Investigate both acquisition and broken-link outreach
14,https://allphase-ec.co.uk/,allphase-ec.co.uk, ,66,66,lancingfcyouth.co.uk,https://www.acompio.co.uk/All-Phase-Electrical-Contractors-Ltd-36761332.html,mostly_dofollow,yes,low,,not_relevant,no,no,Ignore
14,https://myclubpro.co.uk/,myclubpro.co.uk, ,121,121,rainfordladiesathletic.co.uk,https://bluehousedesign.co.uk/,mostly_dofollow,yes,low,,not_relevant,no,no,Ignore
14,http://thetalentcode.com/book/,thetalentcode.com,The Talent Code -  book ,89,89,backwest.com,https://strongworks.fi/kirja-arvostelu-daniel-coyle-%E2%80%93-the-little-book-of-talent/,mostly_dofollow,no,low,https://www.footballparent.co.uk/girls-football/emerging-talent-centres-explained,new_article_opportunity,yes,yes,Investigate both acquisition and broken-link outreach
14,https://www.thefa.com/get-involved/respect/play-your-part,thefa.com,Match Officials -  get involved respect play your part,39,39,hawksyouth.co.uk,https://www.treetonterriersjfc.co.uk/respect.html,mostly_dofollow,no,low,https://www.footballparent.co.uk/academy-pathway/how-to-join-a-football-academy,new_article_opportunity,yes,yes,Investigate both acquisition and broken-link outreach
14,https://falearning.thefa.com/course/view.php?id=1774,thefa.com,Link -  course view.php,21,21,lancashirefa.com,https://help.lancashirefa.com/support/solutions/articles/76000058071-referee-safeguarding-qualification,mostly_dofollow,no,low,,new_article_opportunity,yes,yes,Investigate both acquisition and broken-link outreach
14,https://falearning.thefa.com/course/view.php?id=1720,thefa.com,Link -  course view.php,11,11,hiltonharriers.co.uk,https://www.hiltonharriers.co.uk/copy-of-club-documents,mostly_dofollow,no,low,,new_article_opportunity,yes,yes,Investigate both acquisition and broken-link outreach
14,https://falearning.thefa.com/course/view.php?id=77,thefa.com,Link -  course view.php,16,16,freshdesk.com,https://manchesterfasupport.freshdesk.com/support/discussions/topics/7000040676,mostly_dofollow,no,low,,new_article_opportunity,yes,yes,Investigate both acquisition and broken-link outreach
14,https://didcotboxingacademy.co.uk/,didcotboxingacademy.co.uk, ,9,9,didcottownyouthfc.co.uk,https://anchorurl.cloud/share/116681,mostly_dofollow,yes,low,,not_relevant,no,manual_check,Ignore
13,https://wholegame.thefa.com/,thefa.com,Whole Game -  ,249,249,suffolkfa.com,https://www.suffolkfa.com/,mostly_dofollow,no,low,https://www.footballparent.co.uk/girls-football/girls-rtcs-explained,new_article_opportunity,yes,yes,Investigate both acquisition and broken-link outreach
13,https://www.cbf.com.br/futebol-brasileiro,com.br,Brazilian Football MethodologyBrazilian football development -  futebol brasileiro,130,130,colunadofla.com,https://redenoticiaz.com.br/blog/2022/03/04/copa-do-brasil-chega-a-segunda-fase-com-zebras-na-competicao,mostly_dofollow,no,low,https://www.footballparent.co.uk/girls-football/girls-academy-vs-grassroots-football,new_article_opportunity,yes,yes,Investigate both acquisition and broken-link outreach
13,https://www.zoom995.co.uk/,zoom995.co.uk, ,8,8,copthorneyouthfc.co.uk,https://copthorneyouthfc.co.uk/,mostly_dofollow,yes,low,,not_relevant,no,no,Ignore
13,https://www.baronscambridgemini.co.uk/,baronscambridgemini.co.uk, ,5,5,cambournetownfc.org.uk,https://www.cambournetownfc.org.uk/,mostly_dofollow,yes,low,,not_relevant,no,yes,Investigate both acquisition and broken-link outreach
13,https://www.mccarthyproperties.co.uk/,mccarthyproperties.co.uk, ,5,5,cavershamafc.co.uk,https://www.reading.org.uk/listing/764942-McCarthy-Properties/,mostly_dofollow,yes,low,,not_relevant,no,yes,Investigate both acquisition and broken-link outreach
13,http://www.ictgames.com/resources.html,ictgames.com,http://www.ictgames.com/resources.html -  resources.html,685,685,sch.gr,https://blogs.sch.gr/1dikas/2025/09/18/12i-panellinia-imera-scholikoy-athlitismoy/,mostly_dofollow,no,low,,new_article_opportunity,yes,no,Create replacement article then outreach
12,https://georges-hairdressers.business.site/,business.site, ,3,3,hoddesdontownfc.co.uk,https://www.hoddesdontownfc.co.uk/,mostly_dofollow,yes,low,,not_relevant,no,no,Ignore
12,https://bsky.app/profile/sportsmedialgbt.com,bsky.app,By Sports Media LGBT+ -  profile sportsmedialgbt.com,5,5,sportsmedialgbt.com,https://sportsmedialgbt.com/,mostly_dofollow,no,low,,new_article_opportunity,yes,no,Create replacement article then outreach
11,http://www.cissburyassociates.co.uk/,cissburyassociates.co.uk, ,2,not_analysed (below threshold),,,mostly_dofollow,yes,low,,not_relevant,no,no,Ignore
11,http://www.recensoservices.com/,recensoservices.com, ,2,not_analysed (below threshold),,,mostly_dofollow,yes,low,,not_relevant,no,no,Ignore
11,https://falearning.thefa.com/enrol/index.php?id=42,thefa.com,Link -  enrol index.php,4,4,englandfootball.com,https://www.tockwithjuniors.com/coaches-page-1,mostly_dofollow,no,low,,new_article_opportunity,yes,yes,Investigate both acquisition and broken-link outreach
11,https://www.nhtc.uk/,nhtc.uk, ,2,not_analysed (below threshold),,,mostly_dofollow,yes,low,,not_relevant,no,manual_check,Ignore
11,https://www.aspect-home-improvements.co.uk/,aspect-home-improvements.co.uk, ,2,not_analysed (below threshold),,,mostly_dofollow,yes,low,,not_relevant,no,manual_check,Ignore
11,http://www.jollyelectrical.co.uk/,jollyelectrical.co.uk, ,2,not_analysed (below threshold),,,mostly_dofollow,yes,low,,not_relevant,no,manual_check,Ignore
10,https://scwgfl.pitchero.com/,pitchero.com, ,1,not_analysed (below threshold),,,mostly_dofollow,yes,low,,not_relevant,no,no,Ignore
10,https://login.thefa.com/b2cthefa.onmicrosoft.com/b2c_1a_signup_signin_plyreg/oauth2/v2.0/authorize?client_id=94ec12b8-9670-487d-919b-da5e00512d5c&amp;scope=94ec12b8-9670-487d-919b-da5e00512d5c%20openid%20profile%20offline_access&amp;redirect_uri=https%3A%2F%2Fclubs.thefa.com%2F&amp;client-request-id=a400d846-d07c-40ae-9648-42073037b2f1&amp;response_mode=fragment&amp;response_type=code&amp;x-client-SKU=msal.js.browser&amp;x-client-VER=2.22.0&amp;client_info=1&amp;code_challenge=9E84_jo-TOtE7HOloNJX9UK8M-WfxDaxTYw4Kt8IOH8&amp;code_challenge_method=S256&amp;nonce=97d6779c-9302-46a9-b86f-aa438718179d&amp;state=eyJpZCI6IjRjMTBiM2UwLTRiZDMtNDhiMy05YzI5LTFkNjYwZWEyODZlMiIsIm1ldGEiOnsiaW50ZXJhY3Rpb25UeXBlIjoicmVkaXJlY3QifX0%3D&amp;FAAppToken=CP,thefa.com,Club Portal -  b2cthefa.onmicrosoft.com b2c 1a signup signin plyreg oauth2 v2.0 authorize,0,not_analysed (below threshold),,,mostly_dofollow,no,low,https://www.footballparent.co.uk/academy-pathway/can-academy-players-play-grassroots-football,new_article_opportunity,yes,yes,Investigate domain acquisition
10,http://www.strattonmarch.com/,strattonmarch.com, ,3,3,cambournetownfc.org.uk,https://www.cambournetownfc.org.uk/,mostly_nofollow,yes,low,,not_relevant,no,manual_check,Ignore
10,http://m.thepostgame.com/blog/throwback/201404/ken-dryden-game-book-hockey-nhl-canada-montreal-canadiens,thepostgame.com,here -  blog throwback 201404 ken dryden game book hockey nhl canada montreal canadiens,0,not_analysed (below threshold),,,mostly_dofollow,no,low,https://www.footballparent.co.uk/football-development/why-isnt-my-child-improving-at-football,new_article_opportunity,yes,no,Ignore
10,https://insight-threerivers.thpt.org.uk/secure.aspx,thpt.org.uk, secure.aspx,1,not_analysed (below threshold),,,mostly_dofollow,no,low,,new_article_opportunity,yes,no,Ignore
9,https://www.footballaustralia.com.au/national-curriculum,com.au,Football Australia CurriculumAustralia&#x27;s national coaching curriculum -  national curriculum,1,not_analysed (below threshold),,,mostly_dofollow,no,low,https://www.footballparent.co.uk/football-development/is-private-football-coaching-worth-it,new_article_opportunity,yes,manual_check,Ignore
9,https://www.fai.ie/domestic/coaching,fai.ie,FAI Coaching (Ireland)Republic of Ireland coaching education -  domestic coaching,1,not_analysed (below threshold),,,mostly_dofollow,no,low,https://www.footballparent.co.uk/football-development/is-private-football-coaching-worth-it,new_article_opportunity,yes,no,Ignore
9,http://www.globeholidays.co.uk/,globeholidays.co.uk, ,23,23,dayoutbycoach.co.uk,https://tourism.businessmap.uk/globe-holidays/,mostly_dofollow,no,low,,not_relevant,no,no,Ignore
9,https://www.blueapplecatering.co.uk/,blueapplecatering.co.uk, ,20,20,compass-group.co.uk,https://jobs.compass-group.co.uk/blue-apple,mostly_dofollow,no,low,,not_relevant,no,no,Ignore
9,https://calmchaos.uk/,calmchaos.uk, ,45,45,finchampsteadfc.com,https://urls-shortener.eu/share/98335,mostly_dofollow,no,low,,not_relevant,no,no,Ignore
9,http://www.clubmark.org.uk/,clubmark.org.uk, ,257,257,teamkennet.com,https://www.canterburypilgrimsnetballclub.co.uk/,mostly_dofollow,no,low,,not_relevant,no,yes,Investigate both acquisition and broken-link outreach
9,https://disney.co.uk/,disney.co.uk, ,673,673,disneystore.co.uk,https://www.englandfootball.com/participate/leagues-and-clubs/helpful-apps-and-websites,mostly_dofollow,no,low,,not_relevant,no,no,Ignore
9,https://southeastregionyfa.teamapp.com/,teamapp.com,TeamApp -  ,0,not_analysed (below threshold),,,mostly_dofollow,no,low,,new_article_opportunity,yes,no,Ignore
9,https://harriers.academies.aspirationsacademies.org/cookie-usage-2/,aspirationsacademies.org,Find out more -  cookie usage 2 ,1,not_analysed (below threshold),,,mostly_dofollow,no,low,https://www.footballparent.co.uk/football-gear/best-footballs-by-age,new_article_opportunity,yes,yes,Investigate domain acquisition
9,https://harriers.academies.aspirationsacademies.org/cookie-settings/,aspirationsacademies.org,Cookie Usage -  cookie settings ,1,not_analysed (below threshold),,,mostly_dofollow,no,low,,new_article_opportunity,yes,yes,Investigate domain acquisition
9,http://harriers.academies.aspirationsacademies.org/about-us/admissions/,aspirationsacademies.org,Admissions -  about us admissions ,1,not_analysed (below threshold),,,mostly_dofollow,no,low,,new_article_opportunity,yes,yes,Investigate domain acquisition
9,http://harriers.academies.aspirationsacademies.org/contact-us/,aspirationsacademies.org,Contact Us -  contact us ,1,not_analysed (below threshold),,,mostly_dofollow,no,low,,new_article_opportunity,yes,yes,Investigate domain acquisition
9,https://harriers.academies.aspirationsacademies.org/terms-of-use-2/,aspirationsacademies.org,Terms of Use -  terms of use 2 ,1,not_analysed (below threshold),,,mostly_dofollow,no,low,https://www.footballparent.co.uk/academy-pathway/pdc-vs-ptc-vs-rtc-explained,new_article_opportunity,yes,yes,Investigate domain acquisition
8,https://www.phosters.co.uk/,phosters.co.uk, ,17,17,kidderminster.org.uk,https://www.kidderminster.org.uk/listing/1283486-Phosters-F-M/,mostly_nofollow,no,low,,not_relevant,no,yes,Investigate both acquisition and broken-link outreach
8,https://pitchero.onelink.me/3472025876?pid=Text%20Link&amp;c=Homepage-Nov19&amp;af_web_dp=https%3A%2F%2Fwww.pitchero.com%2Fclub-app,onelink.me,Club App -  3472025876,0,not_analysed (below threshold),,,mostly_nofollow,no,low,https://www.footballparent.co.uk/coaching/football-team-spreadsheet,new_article_opportunity,yes,no,Ignore
5,https://threeriversacademy-surrey.frogos.net/,frogos.net, ,0,not_analysed (below threshold),,,mostly_dofollow,no,low,,not_relevant,no,no,Ignore
