url,domain,discovery_query,relevance_score,crawl_status
https://hdjfl.co.uk/our-league/useful-links/,hdjfl.co.uk,"intitle:""useful links"" grassroots football uk",0.75,crawled_no_broken_links
https://playerstatus.thefa.com/support/discussions/topics/80000664527,thefa.com,"intitle:""useful links"" grassroots football uk",0.25,crawled_no_broken_links
https://www.horshamsparrows.co.uk/useful-links/,horshamsparrows.co.uk,"intitle:""useful links"" grassroots football uk",0.75,crawled_no_broken_links
https://www.castlecaryfc.co.uk/useful-links/,castlecaryfc.co.uk,"intitle:""useful links"" grassroots football uk",0.5,crawled_no_broken_links
http://www.stdayafc.co.uk/useful-links/,stdayafc.co.uk,"intitle:""useful links"" grassroots football uk",0.25,crawled_no_broken_links
https://www.monkfrystonfc.co.uk/general-5,monkfrystonfc.co.uk,"intitle:""useful links"" grassroots football uk",1,crawled_no_broken_links
https://www.gov.uk/government/publications/a-sustainable-future-reforming-club-football-governance,gov.uk,"intitle:""useful links"" grassroots football uk",0.25,crawled_no_broken_links
https://www.cowley.st-helens.sch.uk/useful-links/,st-helens.sch.uk,"intitle:""useful links"" grassroots football uk",0.25,crawled_no_broken_links
https://htcs.org.uk/useful-links,htcs.org.uk,"intitle:""useful links"" grassroots football uk",0.25,crawled_no_broken_links
https://www.lutterworthhigh.co.uk/page/?title=Useful+Links&pid=98,lutterworthhigh.co.uk,"intitle:""useful links"" grassroots football uk",0.25,crawled_no_broken_links
https://www.juniorgrassrootshub.com/resources,juniorgrassrootshub.com,"intitle:""resources"" grassroots football uk",0.75,crawled_no_broken_links
https://www.thesportingresource.co.uk/,thesportingresource.co.uk,"intitle:""resources"" grassroots football uk",1,crawled_no_broken_links
https://www.amateur-fa.com/clubs-and-leagues/development-resources,amateur-fa.com,"intitle:""resources"" grassroots football uk",0.5,crawled_no_broken_links
https://rinquest.com/insights?guide=guide-2,rinquest.com,"intitle:""resources"" grassroots football uk",0.5,crawled_no_broken_links
https://www.goalssoccerschools.co.uk/resources,goalssoccerschools.co.uk,"intitle:""resources"" grassroots football uk",1,crawled_no_broken_links
https://footballgpt.co/resources,footballgpt.co,"intitle:""resources"" grassroots football uk",0.75,crawled_no_broken_links
https://www.pitchandprep.co.uk/resources,pitchandprep.co.uk,"intitle:""resources"" grassroots football uk",0.25,crawled_no_broken_links
https://copthorneyouthfc.co.uk/resources-and-courses,copthorneyouthfc.co.uk,"intitle:""resources"" grassroots football uk",0.25,crawled_no_broken_links
https://hackinsportswear.co.uk/club-hub,hackinsportswear.co.uk,"intitle:""resources"" grassroots football uk",0.75,crawled_no_broken_links
https://www.nottinghamshirefa.com/clubs-and-leagues/facilities-and-pitches/resources,nottinghamshirefa.com,"intitle:""resources"" grassroots football uk",0.25,crawled_no_broken_links
https://www.franchisewmf.com/en-gb/news/where-to-get-football-coaching-resources,franchisewmf.com,"intitle:""resources"" grassroots football uk",0.75,crawled_no_broken_links
https://www.teamgrassroots.co.uk/,teamgrassroots.co.uk,"intitle:""resources"" grassroots football uk",0.5,crawled_no_broken_links
https://www.teamgrassroots.co.uk/the-expectations-vs-the-reality-of-grassroots-football/,teamgrassroots.co.uk,"intitle:""resources"" grassroots football uk",0.5,crawled_no_broken_links
https://www.englandfootball.com/england/mens-senior-team/stories/myles-lewis-skelly-grassroots-story,englandfootball.com,"intitle:""resources"" grassroots football uk",0.25,crawled_no_broken_links
https://www.jrf.org.uk/power-and-participation/grassroots-and-non-profit-perspectives-on-generative-ai,jrf.org.uk,"intitle:""resources"" grassroots football uk",0.25,crawled_no_broken_links
https://www.goalssoccerschools.co.uk/resources/useful-links,goalssoccerschools.co.uk,"""useful links"" grassroots football uk",0.5,crawled_no_broken_links
https://www.englandfootball.com/participate/leagues-and-clubs/helpful-apps-and-websites/matchday,englandfootball.com,"""useful links"" grassroots football uk",0.5,crawled_no_broken_links
https://www.thefa.com/get-involved/player/clubs-and-leagues/support,thefa.com,"""useful links"" grassroots football uk",0.25,crawled_no_broken_links
https://theucl.co.uk/2021/05/06/england-football-launch/,theucl.co.uk,"""useful links"" grassroots football uk",0.25,crawled_no_broken_links
https://www.summerhill.dudley.sch.uk/Page/Detail/useful-links,dudley.sch.uk,"""useful links"" grassroots football uk",0.25,crawled_no_broken_links
https://www.hoddesdontownfc.co.uk/news/the-love-of-the-game-what-grassroots-football-really-gives-us-2992966.html,hoddesdontownfc.co.uk,"""further reading"" grassroots football uk",0.5,crawled_no_broken_links
https://www.strfc.co.uk/news/grassroots-football-suspended-2522941.html,strfc.co.uk,"""further reading"" grassroots football uk",0.75,crawled_no_broken_links
https://sportsmedialgbt.com/homophobia-grassroots-football-england-anti-lgbtq-discrimination-2024-25,sportsmedialgbt.com,"""further reading"" grassroots football uk",0.5,crawled_no_broken_links
https://commonslibrary.parliament.uk/research-briefings/cdp-2025-0208/,parliament.uk,"""further reading"" grassroots football uk",0.25,crawled_no_broken_links
https://www.kingsleyolympicfc.co.uk/news/love-football-protect-the-game-202425-grassroots-football-season-2869890.html,kingsleyolympicfc.co.uk,"""further reading"" grassroots football uk",0.25,crawled_no_broken_links
https://www.northridingfa.com/safeguarding-and-welfare/play-phase-safeguarding/heading-in-u7-u9-football,northridingfa.com,"""further reading"" grassroots football uk",0.25,crawled_no_broken_links
https://www.cambournetownfc.org.uk/news/weve-been-awarded-cambs-grassroots-club-of-the-year-2787445.html,cambournetownfc.org.uk,"""further reading"" grassroots football uk",0.25,crawled_no_broken_links
https://www.barnsleywomensfc.org/teams/263977/match-centre/0-5514520,barnsleywomensfc.org,"""further reading"" grassroots football uk",0.5,crawled_no_broken_links
https://bkthisandthat.org.uk/potted-history-on-the-origins-and-development-of-association-football-in-england-up-to-the-1920s/,bkthisandthat.org.uk,"""further reading"" grassroots football uk",0.25,crawled_no_broken_links
https://www.rkixjfc.co.uk/news/welcome-to-the-new-dedicated-rkix-jfc-website-2922697.html,rkixjfc.co.uk,"""further reading"" grassroots football uk",0.5,crawled_no_broken_links
https://heritagecalling.com/2023/08/03/the-history-of-womens-football-in-england/,heritagecalling.com,"""further reading"" grassroots football uk",0.5,crawled_no_broken_links
https://www.icasports.com/teams/280818/match-centre/1-16058389,icasports.com,"""further reading"" grassroots football uk",0.5,crawled_no_broken_links
https://www.betterhealthns.co.uk/support/wgfund/,betterhealthns.co.uk,"""further reading"" grassroots football uk",0.5,crawled_no_broken_links
https://www.finchampsteadfc.com/calendar/event/fa-silent-weekend-youth-football--2-635116,finchampsteadfc.com,"""further reading"" grassroots football uk",0.25,crawled_no_broken_links
https://www.englandfootball.com/participate/leagues-and-clubs/helpful-apps-and-websites,englandfootball.com,inurl:links grassroots football uk,0.5,crawled_no_broken_links
https://www.thecoacheslink.com/grassrootsfootball-uk/,thecoacheslink.com,inurl:links grassroots football uk,0.5,crawled_no_broken_links
https://grassrootstechnology.thefa.com/support/solutions/48000265985,thefa.com,inurl:links grassroots football uk,0.5,crawled_no_broken_links
https://www.grassrootsfootballuk.com/,grassrootsfootballuk.com,inurl:links grassroots football uk,0.5,crawled_no_broken_links
https://pitch1.net/football_link_exchange.php,pitch1.net,inurl:links grassroots football uk,0.75,crawled_no_broken_links
https://www.mcdonalds.com/gb/en-gb/football.html,mcdonalds.com,inurl:links grassroots football uk,0.5,crawled_no_broken_links
https://www.teamgrassroots.co.uk/dear-grassrootswhen-did-i-become-an-employee-of-the-parents/,teamgrassroots.co.uk,inurl:links grassroots football uk,0.5,crawled_no_broken_links
https://liverpool.gov.uk/communities-and-safety/community-initiatives-funding-and-grants/grassroots-music-venues-support-programme/,liverpool.gov.uk,inurl:links grassroots football uk,0.25,crawled_no_broken_links
https://www.gloucestershire.gov.uk/grassroots-neighbourhood-fund/,gloucestershire.gov.uk,inurl:links grassroots football uk,0.25,crawled_no_broken_links
https://prevent-suicide.org.uk/faces-of-the-grassroots-runners-2021-melis-trimmer/,prevent-suicide.org.uk,inurl:links grassroots football uk,0.25,crawled_no_broken_links
https://magmapoetry.com/archive/magma-90/,magmapoetry.com,inurl:links grassroots football uk,0.25,crawled_no_broken_links
https://www.englandfootball.com/participate/behaviour/the-grassroots-code,englandfootball.com,inurl:resources grassroots football uk,0.5,crawled_no_broken_links
https://www.teamgrassroots.co.uk/the-challenges-facing-grassroots-football-in-england/,teamgrassroots.co.uk,inurl:resources grassroots football uk,0.5,crawled_no_broken_links
https://www.thefa.com/-/media/cfa/suffolkfa/files/the-fa-guide-to-managing-in-grassroots-football.ashx,thefa.com,inurl:resources grassroots football uk,0.5,crawled_no_broken_links
https://www.grassrootsfootballuk.com/grassroots-football-free-training-plans-and-drills/,grassrootsfootballuk.com,inurl:resources grassroots football uk,0.5,crawled_no_broken_links
https://footballfoundation.org.uk/looking-for-funding,footballfoundation.org.uk,inurl:resources grassroots football uk,0.5,crawled_no_broken_links
https://www.ballrz.co.uk/grassroots-football,ballrz.co.uk,inurl:resources grassroots football uk,1,crawled_no_broken_links
https://thrive4grassroots.com/blog/,thrive4grassroots.com,inurl:resources grassroots football uk,0.75,crawled_no_broken_links
https://totalgrassroots.com/,totalgrassroots.com,inurl:resources grassroots football uk,0.5,crawled_no_broken_links
https://www.networldsports.co.uk/football/grassroots-report,networldsports.co.uk,inurl:resources grassroots football uk,0.5,crawled_no_broken_links
https://www.xero.com/uk/football-small-business-guides/,xero.com,inurl:resources grassroots football uk,0.75,crawled_no_broken_links
https://www.footballparent.co.uk/parent-guides/what-is-grassroots-football,footballparent.co.uk,inurl:resources grassroots football uk,0.5,crawled_no_broken_links
https://www.englandfootball.com/participate/learn,englandfootball.com,inurl:resources grassroots football uk,0.5,crawled_no_broken_links
http://www.seryfa-online.info/useful-links,seryfa-online.info,"intitle:""useful links"" youth football uk",0.25,crawled_no_broken_links
https://www.bsyfc.co.uk/club-info/Useful%20Links,bsyfc.co.uk,"intitle:""useful links"" youth football uk",0.25,crawled_no_broken_links
https://www.stratton.gloucs.sch.uk/useful-links/,gloucs.sch.uk,"intitle:""useful links"" youth football uk",0.5,crawled_no_broken_links
https://www.richmondandkewfc.co.uk/usefullinks-2/,richmondandkewfc.co.uk,"intitle:""useful links"" youth football uk",0.25,crawled_no_broken_links
https://blaydoncommunityfc.org.uk/info/usefulLinks/,blaydoncommunityfc.org.uk,"intitle:""useful links"" youth football uk",0.5,crawled_no_broken_links
https://www.lancingfcyouth.co.uk/resources/useful-links/,lancingfcyouth.co.uk,"intitle:""useful links"" youth football uk",0.25,crawled_no_broken_links
https://www.leckhamptonrovers.co.uk/club-info/Useful%20Links,leckhamptonrovers.co.uk,"intitle:""useful links"" youth football uk",0.25,crawled_no_broken_links
https://brinsworthacademy.org.uk/useful-links/,brinsworthacademy.org.uk,"intitle:""useful links"" youth football uk",0.25,crawled_no_broken_links
https://www.whiteknightsfc.co.uk/news/whiteknights-fc-players-wanted-for-youth-football-2965230.html,whiteknightsfc.co.uk,"""further reading"" youth football uk",0.25,crawled_no_broken_links
https://www.apyfc.org.uk/calendar/event/trials--girls-age-tbc-590751,apyfc.org.uk,"""further reading"" youth football uk",0.25,crawled_no_broken_links
https://www.shootersyouth.co.uk/news/shooters-youth-football-club-new-website-2854345.html,shootersyouth.co.uk,"""further reading"" youth football uk",0.75,crawled_no_broken_links
https://www.dorkiniansfc.co.uk/calendar/event/title-578390,dorkiniansfc.co.uk,"""further reading"" youth football uk",0.5,crawled_no_broken_links
https://www.englandfootball.com/play/youth-football,englandfootball.com,inurl:links youth football uk,0.25,crawled_no_broken_links
https://www.thefa.com/get-involved/player,thefa.com,inurl:links youth football uk,0.5,crawled_no_broken_links
https://www.watfordfccsetrust.com/project/youth-link/,watfordfccsetrust.com,inurl:links youth football uk,0.25,crawled_no_broken_links
https://www.aewfc.co.uk/d/links.html,aewfc.co.uk,inurl:links youth football uk,0.25,crawled_no_broken_links
https://www.nfyl.co.uk/,nfyl.co.uk,inurl:links youth football uk,0.25,crawled_no_broken_links
https://www.gov.uk/government/news/football-clubs-partner-with-government-to-help-young-people-into-work,gov.uk,inurl:links youth football uk,0.25,crawled_no_broken_links
https://footballfoundation.org.uk/further-resources,footballfoundation.org.uk,inurl:resources youth football uk,0.25,crawled_no_broken_links
https://www.thefa.com/get-involved/player/kids-football,thefa.com,inurl:resources youth football uk,1,crawled_no_broken_links
https://www.riponcitypanthersjfc.co.uk/club-info/Coach-Education,riponcitypanthersjfc.co.uk,inurl:resources youth football uk,0.25,crawled_no_broken_links
https://www.youthsporttrust.org/programmes/open-access/girls-football-in-schools,youthsporttrust.org,inurl:resources youth football uk,0.25,crawled_no_broken_links
https://www.playtheirway.org/browse-by-sport/football/,playtheirway.org,inurl:resources youth football uk,0.25,crawled_no_broken_links
https://footballfoundation.org.uk/local-plans,footballfoundation.org.uk,inurl:resources youth football uk,0.25,crawled_no_broken_links
https://www.hartleyfc.com/link/1008,hartleyfc.com,"intitle:""useful links"" junior football uk",0.5,crawled_no_broken_links
https://hatherleighyouthfc.co.uk/useful-links/,hatherleighyouthfc.co.uk,"intitle:""useful links"" junior football uk",0.5,crawled_no_broken_links
https://www.cavershamafc.co.uk/calendar/event/girls-junior-football-fun-161877,cavershamafc.co.uk,"""further reading"" junior football uk",0.5,crawled_no_broken_links
https://ministry-of-football.com/academies-success/,ministry-of-football.com,"""further reading"" junior football uk",0.25,crawled_no_broken_links
https://www.cujfc.co.uk/resources,cujfc.co.uk,"""further reading"" junior football uk",0.5,crawled_no_broken_links
https://www.stourbridgefc.com/news/further-open-evening-for-new-football-academy-1752610.html,stourbridgefc.com,"""further reading"" junior football uk",0.25,crawled_no_broken_links
https://open.spotify.com/episode/2zZ0m2dJ0bV9FhzLVPU1fM,spotify.com,"""further reading"" junior football uk",0.25,crawled_no_broken_links
https://content.e-bookshelf.de/media/reading/L-596950-9793d3c720.pdf,e-bookshelf.de,"""further reading"" junior football uk",0.25,crawled_no_broken_links
https://www.wendoverjuniorfootball.org.uk/teams/284645/match-centre/1-18128451,wendoverjuniorfootball.org.uk,"""further reading"" junior football uk",0.25,crawled_no_broken_links
https://www.hewendenjuniorfootballclub.com/teams/287463/match-centre/0-6404339,hewendenjuniorfootballclub.com,"""further reading"" junior football uk",0.25,crawled_no_broken_links
https://www.berrowjuniorfootballclub.co.uk/teams/278921/match-centre/0-6322518,berrowjuniorfootballclub.co.uk,"""further reading"" junior football uk",0.75,crawled_no_broken_links
https://www.thefa.com/competitions/youth-football,thefa.com,inurl:links junior football uk,0.5,crawled_no_broken_links
https://prolinkfootball.co.uk/,prolinkfootball.co.uk,inurl:links junior football uk,0.5,crawled_no_broken_links
https://www.juniorgrassrootshub.com/,juniorgrassrootshub.com,inurl:links junior football uk,0.75,crawled_no_broken_links
https://loudmobility.co.uk/loudmobility-news/pinpoint-your-next-football-star-junior-league-guide-1764808164,loudmobility.co.uk,inurl:resources junior football uk,0.25,crawled_no_broken_links
https://www.valleygreenfc.co.uk/club-info/useful-links,valleygreenfc.co.uk,"""useful links"" children's football uk",0.25,crawled_no_broken_links
https://www.scottishfa.co.uk/en/play-football/children-youth-football/player-journey,scottishfa.co.uk,"""useful links"" children's football uk",0.25,crawled_no_broken_links
https://www.harriers-aspirations.org/parents-information/useful-links/,harriers-aspirations.org,"""useful links"" children's football uk",0.5,crawled_no_broken_links
https://www.ddyfa.uk/link/1036,ddyfa.uk,"""useful links"" children's football uk",0.25,crawled_no_broken_links
https://www.tockwithjuniors.com/coaches-page-1,tockwithjuniors.com,"""useful links"" children's football uk",0.5,crawled_no_broken_links
https://braziliansoccerschools.co.uk/region/newport-pagnell-kids-football-classes/,braziliansoccerschools.co.uk,"""useful links"" children's football uk",0.25,crawled_no_broken_links
https://socatots.co.uk/how-to-get-the-most-out-of-childrens-football-classes/,socatots.co.uk,"""useful links"" children's football uk",0.25,crawled_no_broken_links
https://suttonssp.co.uk/70/junior-football-leaders-award,suttonssp.co.uk,"""useful links"" children's football uk",0.25,crawled_no_broken_links
https://www.pcfacademy.co.uk/age-group-checker,pcfacademy.co.uk,"""useful links"" children's football uk",0.25,crawled_no_broken_links
https://www.wincantonyouthfc.co.uk/useful-links,wincantonyouthfc.co.uk,"""useful links"" children's football uk",1,crawled_no_broken_links
https://www.dundeeunitedct.co.uk/childrensfootball,dundeeunitedct.co.uk,"""useful links"" children's football uk",0.5,crawled_no_broken_links
https://saltburnathleticfc.co.uk/little-kickers/,saltburnathleticfc.co.uk,"""useful links"" children's football uk",0.5,crawled_no_broken_links
https://northferribyfc.co.uk/youth-fees-benefits,northferribyfc.co.uk,"""useful links"" children's football uk",0.25,crawled_no_broken_links
https://www.juniorpremierleague.com/england/3v3-football/,juniorpremierleague.com,"""useful links"" children's football uk",0.25,crawled_no_broken_links
https://www.whiteknightsfc.co.uk/news/wildcats--whiteknights-fc-2965235.html,whiteknightsfc.co.uk,"""further reading"" children's football uk",0.25,crawled_no_broken_links
https://researchportal.northumbria.ac.uk/files/130700757/daad183.pdf,northumbria.ac.uk,"""further reading"" children's football uk",0.5,crawled_no_broken_links
https://www.didcottownyouthfc.co.uk/calendar/event/didcot-town-youth-fc-tournament-2022-507678,didcottownyouthfc.co.uk,"""further reading"" children's football uk",0.25,crawled_no_broken_links
https://www.thefa.com/leagues/~/media/Files/PDF/Leagues/Your%20Kids%20Your%20Say/FA%20Youth%20Development%20Proposals%20-%20Frequently%20Asked%20Questions.ashx,thefa.com,"""further reading"" children's football uk",0.25,crawled_no_broken_links
https://tompalmer.co.uk/schools-librarians/literacy-resources/,tompalmer.co.uk,"""further reading"" children's football uk",0.25,crawled_no_broken_links
https://wemakefootballers.com/uk,wemakefootballers.com,inurl:links children's football uk,0.5,crawled_no_broken_links
https://www.apyfc.org.uk/,apyfc.org.uk,inurl:links children's football uk,0.5,crawled_no_broken_links
https://www.teamgrassroots.co.uk/updates-to-grassroots-youth-football-in-england/,teamgrassroots.co.uk,inurl:links children's football uk,0.5,crawled_no_broken_links
https://www.thefa.com/football-rules-governance/safeguarding/section-11-the-complete-downloads-directory,thefa.com,inurl:resources children's football uk,0.5,crawled_no_broken_links
https://laceeze.co.uk/blogs/laceeze-blog/how-to-get-your-child-into-football-a-parent-s-guide-to-grassroots-clubs-in-the-uk,laceeze.co.uk,inurl:resources children's football uk,0.25,crawled_no_broken_links
https://www.excelsport.co.uk/parents/,excelsport.co.uk,inurl:resources children's football uk,1,crawled_no_broken_links
https://www.bcgfl.org.uk/app/download/8118375/U11-and-U12-ydr-booklet.pdf,bcgfl.org.uk,inurl:resources children's football uk,0.5,crawled_no_broken_links
http://www.nelsontowncouncil.gov.uk/Useful_Links_22075.aspx,nelsontowncouncil.gov.uk,"intitle:""useful links"" football academy uk",0.25,crawled_no_broken_links
https://www.byfleet.surrey.sch.uk/page/?title=Useful+Links&pid=14,surrey.sch.uk,"intitle:""useful links"" football academy uk",0.25,crawled_no_broken_links
https://www.threeriversacademy.org/Curriculum/Elite-Sporting-Provision-Football-Academy/,threeriversacademy.org,"""useful links"" football academy uk",0.25,crawled_no_broken_links
https://stjosephs.uk.net/our-curriculum/elite-football-academy,uk.net,"""useful links"" football academy uk",0.25,crawled_no_broken_links
https://www.excelsior.laidlawschoolstrust.co.uk/897/excelsior-football-academy,laidlawschoolstrust.co.uk,"""useful links"" football academy uk",0.25,crawled_no_broken_links
https://www.ardeerthistlefc.com/links,ardeerthistlefc.com,"""useful links"" football academy uk",0.25,crawled_no_broken_links
https://internationalacademyfootball.com/home/,internationalacademyfootball.com,inurl:links football academy uk,0.25,crawled_no_broken_links
https://www.football4football.com/football-training/uk-football-academy-system-intro,football4football.com,inurl:links football academy uk,0.25,crawled_no_broken_links
https://www.afglobal.football/afglobal-blogs/how-to-join-a-football-academy-in-the-uk,afglobal.football,inurl:links football academy uk,0.25,crawled_no_broken_links
https://linkcoachingart.com/blogs/news/%E2%9A%BD-what-actually-is-a-football-academy,linkcoachingart.com,inurl:links football academy uk,0.25,crawled_no_broken_links
https://learn.englandfootball.com/,englandfootball.com,inurl:resources football academy uk,0.25,crawled_no_broken_links
https://profootballacademy.com/uk/,profootballacademy.com,inurl:resources football academy uk,0.75,crawled_no_broken_links
https://www.girlsfootballinschools.org/,girlsfootballinschools.org,inurl:resources football academy uk,0.25,crawled_no_broken_links
https://www.hillviewacademy.org/page/?title=Useful+links+for+parents&pid=27,hillviewacademy.org,"intitle:""useful links"" academy trials uk",0.5,crawled_no_broken_links
https://www.ourlady-starofthesea.org.uk/useful-links/,ourlady-starofthesea.org.uk,"intitle:""useful links"" academy trials uk",0.25,crawled_no_broken_links
https://www.kensington.newham.sch.uk/page/?title=Useful+Links&pid=106,newham.sch.uk,"intitle:""useful links"" academy trials uk",0.5,crawled_no_broken_links
https://nscg.ac.uk/useful-links,nscg.ac.uk,"intitle:""useful links"" academy trials uk",0.5,crawled_no_broken_links
https://www.rooksnestacademy.co.uk/parent-info/useful-links-for-parents/,rooksnestacademy.co.uk,"intitle:""useful links"" academy trials uk",0.5,crawled_no_broken_links
