Target Domain,DataForSEO Rank,Links To (Competitor),Referring Article / Page,Priority
12th-man.co.uk,84,grassrootsfootballuk.com,https://12th-man.co.uk/grassroots-football-uk-free-training-plans-drills-for-all-age-groups/,High
berks-bucksfa.com,302,teamgrassroots.co.uk,https://www.berks-bucksfa.com/,High
cambridgeshirefa.com,253,teamgrassroots.co.uk,https://www.cambridgeshirefa.com/,High
diamondfootball.com,306,juniorgrassrootshub.com,https://diamondfootball.com/news/3765/what-is-grassroots-football,High
fcd.football,0,mycoachfootball.com,https://fcd.football/,High
footballtrials.com,99,soccertrials.com,https://www.footballtrials.com/,High
footyapps.com,214,teamstats.net,https://footyapps.com/product/teamstats-football-management,High
loveadmin.com,352,teamgrassroots.co.uk,https://loveadmin.com/generating-income/four-grassroots-football-club-grants-you-need-to-know-about/,High
scottishyouthfa.co.uk,269,teamstats.net,https://scottishyouthfa.co.uk/,High
solentsports.com,126,wemakefootballers.com,https://www.solentsports.com/,High
spond.com,486,teamgrassroots.co.uk,https://www.spond.com/,High
sported.org.uk,301,teamgrassroots.co.uk,https://www.sported.org.uk/,High
sportstartups.org,118,mingle.sport,https://www.sportstartups.org/startup/minglesport/,High
striver.football,50,juniorgrassrootshub.com,https://striver.football/the-community/best-youth-grassroots-football-tournaments-uk,High
striver.football,104,teamgrassroots.co.uk,https://striver.football/the-development/grassroots-football-funding-3g-pitches-facilities,High
tonys-soccer-school.net,154,ukfootballtrials.com,https://tonys-soccer-school.net/,High
tonys-soccer-school.net,n/a,soccertrials.com,https://tonys-soccer-school.net/,High
watcheverymatch.com,113,diamondfootball.com,https://watcheverymatch.com/grassroots-football-cultivating-the-future-stars-with-teamwork-skill-and-innovation/,High
winningyouthcoaching.com,34,wemakefootballers.com,https://www.winningyouthcoaching.com/,High
worldsoccerresourcecenter.com,0,grassrootsfootballuk.com,https://worldsoccerresourcecenter.com/soccer-football-manager-training-drills/,High
aberdeenshireafa.com,149,teamstats.net,https://aberdeenshireafa.com/,Medium
bespokesportsmedals.com,368,teamgrassroots.co.uk,https://www.bespokesportsmedals.com/,Medium
canterburymariners.football,34,teamstats.net,https://canterburymariners.football/,Medium
childrensfootballalliance.com,267,teamgrassroots.co.uk,https://www.childrensfootballalliance.com/,Medium
classforkids.com,299,teamgrassroots.co.uk,https://www.classforkids.com/,Medium
classforkids.io,101,wemakefootballers.com,https://www.classforkids.io/,Medium
clubhubuk.co.uk,30,wemakefootballers.com,https://www.clubhubuk.co.uk/,Medium
footballcoachingshop.com,100,diamondfootball.com,http://footballcoachingshop.com/,Medium
footballfestivals.co.uk,214,teamgrassroots.co.uk,https://footballfestivals.co.uk/about-us/esf-partners/,Medium
footballmedals.co.uk,157,juniorgrassrootshub.com,https://footballmedals.co.uk/,Medium
playsport.com,42,wemakefootballers.com,https://www.playsport.com/,Medium
soccermedals.co.uk,157,juniorgrassrootshub.com,https://soccermedals.co.uk/,Medium
sportanddev.org,0,mingle.sport,https://www.sportanddev.org/,Medium
sportanddev.org,0,mycoachfootball.com,https://www.sportanddev.org/,Medium
sportbirmingham.org,237,teamgrassroots.co.uk,https://sportbirmingham.org/opportunity/grassroots-football-fund/,Medium
svyfl.org.uk,55,teamstats.net,https://www.svyfl.org.uk/our-clubs/,Medium
trustburn.com,119,mycoachfootball.com,https://trustburn.com/,Medium
ukfootballacademyfinder.com,15,ukfootballtrials.com,https://www.ukfootballacademyfinder.com/,Medium
ukfootballschools.com,15,ukfootballtrials.com,https://www.ukfootballschools.com/,Medium
wembleystadiumfoundation.org,172,teamgrassroots.co.uk,https://www.wembleystadiumfoundation.org/,Medium
b1socceracademy.com,29,ukfootballtrials.com,https://www.b1socceracademy.com/,Low
bishton.org.uk,0,teamstats.net,https://bishton.org.uk/author/clerk/page/2/,Low
coachkurtis.com,14,wemakefootballers.com,https://www.coachkurtis.com/,Low
drpaulmccarthy.com,0,mingle.sport,https://www.drpaulmccarthy.com/,Low
footballdna.co.uk,n/a,mycoachfootball.com,https://www.footballdna.co.uk/,Low
footballeffect.com,33,thetitansfa.com,https://www.footballeffect.com/,Low
neuroawaresports.co.uk,0,juniorgrassrootshub.com,https://www.neuroawaresports.co.uk/,Low
premierfootballuk.com,10,ukfootballtrials.com,https://www.premierfootballuk.com/,Low
psfshop.com,126,diamondfootball.com,https://www.psfshop.com/,Low
refchat.co.uk,0,teamgrassroots.co.uk,https://refchat.co.uk/threads/kids-and-wearing-spectacles-again.16339/page-2,Low
sljfc.co.uk,0,teamstats.net,https://www.sljfc.co.uk/sljfcu6,Low
suffolksec.co.uk,150,diamondfootball.com,https://suffolksec.co.uk/products/diamond-football-co-junior-skeleton-mannequin,Low
wessexsports.co.uk,159,diamondfootball.com,https://www.wessexsports.co.uk/,Low
