keyword,search_volume,position,etv,cpc,competition,intent,url,serp_features
jpl,14800,25,32.56,3.5399999618530273,0.009999999776482582,informational,https://www.footballparent.co.uk/parent-guides/what-is-the-junior-premier-league,organic people_also_ask related_searches images
jpl league,6600,12,74.58,,0,informational,https://www.footballparent.co.uk/parent-guides/what-is-the-junior-premier-league,organic people_also_ask related_searches images
junior premier league football,4400,10,86.68,2.380000114440918,0.009999999776482582,informational,https://www.footballparent.co.uk/parent-guides/what-is-the-junior-premier-league,organic people_also_ask related_searches images
junior premier league,4400,12,49.72,2.380000114440918,0.009999999776482582,informational,https://www.footballparent.co.uk/parent-guides/what-is-the-junior-premier-league,organic people_also_ask related_searches images
premier league juniors,4400,14,33.00,2.380000114440918,0.009999999776482582,informational,https://www.footballparent.co.uk/parent-guides/what-is-the-junior-premier-league,organic people_also_ask related_searches images
premier league junior,4400,15,25.96,2.380000114440918,0.009999999776482582,informational,https://www.footballparent.co.uk/parent-guides/what-is-the-junior-premier-league,organic people_also_ask related_searches images
the arsenal academy,4400,21,18.92,0.7200000286102295,0.029999999329447746,informational,https://www.footballparent.co.uk/academy-pathway/arsenal-development-centre-guide,organic people_also_ask ai_overview twitter related_searches knowledge_graph images
crystal palace academy,4400,20,14.52,0.8100000023841858,0.029999999329447746,navigational,https://www.footballparent.co.uk/academy-pathway/crystal-palace-development-centre-guide,organic people_also_ask related_searches knowledge_graph google_reviews images
size 5 football size,3600,50,7.56,1.3799999952316284,1,informational,https://www.footballparent.co.uk/football-gear/best-footballs-by-age,ai_overview images people_also_ask organic popular_products related_searches
grassroots football,2900,17,16.24,2.0799999237060547,0.029999999329447746,informational,https://www.footballparent.co.uk/parent-guides/what-is-grassroots-football,ai_overview organic people_also_ask related_searches images
west ham academy,2900,23,12.47,0.9599999785423279,0.029999999329447746,informational,https://www.footballparent.co.uk/academy-pathway/west-ham-player-pathway-guide,organic local_pack people_also_ask top_stories perspectives related_searches knowledge_graph images
football grassroots,2900,26,6.67,2.0799999237060547,0.029999999329447746,informational,https://www.footballparent.co.uk/parent-guides/what-is-grassroots-football,ai_overview organic people_also_ask video related_searches images
football sizes,1900,15,17.29,0.8399999737739563,0.7200000286102295,informational,https://www.footballparent.co.uk/football-gear/best-footballs-by-age,ai_overview images people_also_ask organic related_searches
football trials,1900,45,3.99,1.2999999523162842,0.15000000596046448,informational,https://www.footballparent.co.uk/academy-trials,organic people_also_ask related_searches knowledge_graph google_reviews images
childrens football shin pads,1000,11,19.70,1.4600000381469727,1,transactional,https://www.footballparent.co.uk/football-gear/shin-pads/best-shin-pads-for-kids-football,organic people_also_ask compare_sites popular_products related_searches images
what does etc stand for,1000,36,2.10,,0,informational,https://www.footballparent.co.uk/girls-football/emerging-talent-centres-explained,ai_overview people_also_ask video organic short_videos related_searches
what does e t c stand for,1000,39,2.10,,0,informational,https://www.footballparent.co.uk/girls-football/emerging-talent-centres-explained,ai_overview people_also_ask organic video short_videos related_searches
football academy trials,880,39,1.85,1.4600000381469727,0.14000000059604645,informational,https://www.footballparent.co.uk/academy-trials,ai_overview organic people_also_ask related_searches images
academy trials,880,47,1.85,1.7899999618530273,0.09000000357627869,informational,https://www.footballparent.co.uk/academy-trials/what-happens-at-academy-trials,ai_overview organic people_also_ask related_searches knowledge_graph google_reviews images
jpl football,720,5,47.45,,0.009999999776482582,informational,https://www.footballparent.co.uk/parent-guides/what-is-the-junior-premier-league,organic people_also_ask related_searches images
jpl #football,720,10,14.18,,0.009999999776482582,informational,https://www.footballparent.co.uk/parent-guides/what-is-the-junior-premier-league,organic people_also_ask related_searches
veo camera price,720,18,5.40,0.550000011920929,0.9399999976158142,commercial,https://www.footballparent.co.uk/football-gear/veo-camera-alternatives,ai_overview organic people_also_ask popular_products related_searches
jpl league table,720,21,2.38,,0,informational,https://www.footballparent.co.uk/parent-guides/what-is-the-junior-premier-league,knowledge_graph organic people_also_ask related_searches images
how to become a footballer,590,17,3.48,3.130000114440918,0.12999999523162842,informational,https://www.footballparent.co.uk/football-development/how-to-become-a-professional-footballer,ai_overview video people_also_ask organic related_searches
how to become a pro footballer,590,17,3.48,3.6600000858306885,0.09000000357627869,informational,https://www.footballparent.co.uk/football-development/how-to-become-a-professional-footballer,ai_overview organic people_also_ask video related_searches
how to become a professional footballer,590,25,1.42,3.6600000858306885,0.09000000357627869,informational,https://www.footballparent.co.uk/football-development/how-to-become-a-professional-footballer,ai_overview video people_also_ask organic related_searches
how to become a professional football player,590,29,1.24,3.6600000858306885,0.09000000357627869,informational,https://www.footballparent.co.uk/football-development/how-to-become-a-professional-footballer,ai_overview organic people_also_ask video related_searches
how to become a football player,590,31,1.24,3.130000114440918,0.12999999523162842,informational,https://www.footballparent.co.uk/football-development/how-to-become-a-professional-footballer,ai_overview organic people_also_ask video related_searches
jpl england,480,10,9.46,,0,navigational,https://www.footballparent.co.uk/parent-guides/what-is-the-junior-premier-league,organic people_also_ask related_searches images
scholarship football,480,22,1.30,3.5299999713897705,0.3400000035762787,informational,https://www.footballparent.co.uk/academy-pathway/football-scholarships-uk,ai_overview organic people_also_ask related_searches images
how to become a football coach,480,58,1.01,4.21999979019165,0.4099999964237213,informational,https://www.footballparent.co.uk/parent-guides/how-to-become-a-football-coach,ai_overview people_also_ask organic related_searches
best shin pads,480,71,1.01,1.7799999713897705,1,transactional,https://www.footballparent.co.uk/football-gear/shin-pads/best-shin-pads-for-kids-football,ai_overview organic people_also_ask video discussions_and_forums popular_products compare_sites related_searches images
best football shin pads,390,29,0.94,2.069999933242798,1,commercial,https://www.footballparent.co.uk/football-gear/shin-pads/best-shin-pads-for-kids-football,ai_overview organic popular_products compare_sites people_also_ask related_searches images
shin pads for 5 year olds,390,39,0.82,1.0299999713897705,1,transactional,https://www.footballparent.co.uk/football-gear/shin-pads/best-shin-pads-for-kids-football,organic people_also_ask compare_sites popular_products people_also_search video related_searches images
open academy trials,390,40,0.82,1.5899999141693115,0.03999999910593033,informational,https://www.footballparent.co.uk/academy-trials,ai_overview organic people_also_ask related_searches images
best shin pads soccer,390,78,0.82,2.069999933242798,1,transactional,https://www.footballparent.co.uk/football-gear/shin-pads/best-shin-pads-for-kids-football,ai_overview compare_sites popular_products people_also_ask organic video discussions_and_forums related_searches images
jpl team,320,12,4.80,,0,informational,https://www.footballparent.co.uk/parent-guides/what-is-the-junior-premier-league,organic ai_overview people_also_ask related_searches images
chelsea development centre,260,11,3.90,2.130000114440918,0.029999999329447746,navigational,https://www.footballparent.co.uk/academy-pathway/chelsea-fc-development-centre-guide,organic people_also_ask related_searches images
category 3 academies list,260,19,1.33,,0,navigational,https://www.footballparent.co.uk/academy-pathway/academy-categories-explained,ai_overview organic people_also_ask images related_searches
cat 1 academy,260,21,1.12,,0.009999999776482582,informational,https://www.footballparent.co.uk/academy-pathway/academy-categories-explained,ai_overview organic people_also_ask images video related_searches
cat 3 academies list,260,21,1.12,,0,informational,https://www.footballparent.co.uk/academy-pathway/academy-categories-explained,ai_overview organic people_also_ask images related_searches
jr football leagues,260,40,0.55,,0.019999999552965164,informational,https://www.footballparent.co.uk/parent-guides/what-is-the-junior-premier-league,ai_overview organic people_also_ask find_results_on local_pack related_searches images
how to get in a football academy,260,47,0.55,1.0700000524520874,0.20999999344348907,informational,https://www.footballparent.co.uk/academy-pathway,ai_overview people_also_ask organic video short_videos related_searches
how to get into a football academy,260,50,0.55,1.0700000524520874,0.20999999344348907,informational,https://www.footballparent.co.uk/academy-pathway,ai_overview organic people_also_ask video short_videos related_searches
footballer qualifications,260,53,0.55,1.7899999618530273,0.09000000357627869,informational,https://www.footballparent.co.uk/football-development/how-to-become-a-professional-footballer,ai_overview people_also_ask organic video related_searches images
cat 2 academies,210,15,1.91,,0.009999999776482582,informational,https://www.footballparent.co.uk/academy-pathway/academy-categories-explained,ai_overview people_also_ask organic images related_searches
cat 3 academies,210,15,1.91,,0,informational,https://www.footballparent.co.uk/academy-pathway/academy-categories-explained,organic people_also_ask ai_overview images related_searches
junior shin pads football,210,16,1.58,1.0099999904632568,0.9100000262260437,transactional,https://www.footballparent.co.uk/football-gear/shin-pads/best-shin-pads-for-kids-football,organic compare_sites popular_products people_also_ask related_searches
cat 3 academy,210,17,1.24,,0,informational,https://www.footballparent.co.uk/academy-pathway/academy-categories-explained,ai_overview organic people_also_ask images related_searches
category 3 academies,210,18,1.18,,0,informational,https://www.footballparent.co.uk/academy-pathway/academy-categories-explained,ai_overview organic people_also_ask images related_searches
ppp pe,210,64,0.44,,0,informational,https://www.footballparent.co.uk/academy-pathway/what-is-eppp,organic people_also_ask related_searches knowledge_graph google_reviews
jpl football league,170,6,7.97,,0,informational,https://www.footballparent.co.uk/parent-guides/what-is-the-junior-premier-league,organic people_also_ask related_searches images
how much is a veo,170,20,0.87,1.7999999523162842,0.28999999165534973,informational,https://www.footballparent.co.uk/football-gear/veo-camera-alternatives,ai_overview organic people_also_ask compare_sites popular_products related_searches
veo alternatives,170,29,0.36,1.6600000858306885,1,commercial,https://www.footballparent.co.uk/football-gear/veo-camera-alternatives,ai_overview organic people_also_ask related_searches images
pjal,170,59,0.36,,0,informational,https://www.footballparent.co.uk/parent-guides/what-is-the-junior-premier-league,organic ai_overview related_searches images
chelsea player development programme,140,7,6.57,2.75,0.009999999776482582,informational,https://www.footballparent.co.uk/academy-pathway/chelsea-fc-development-centre-guide,organic ai_overview people_also_ask related_searches images
etc near me,140,9,3.58,1.0299999713897705,0.019999999552965164,transactional,https://www.footballparent.co.uk/girls-football/emerging-talent-centres-explained,ai_overview organic people_also_ask related_searches
veo subscription cost uk,140,9,3.58,5.710000038146973,0.10000000149011612,commercial,https://www.footballparent.co.uk/football-gear/veo-camera-alternatives,ai_overview organic people_also_ask related_searches
veo camera price uk,140,11,2.10,1.159999966621399,0.8500000238418579,commercial,https://www.footballparent.co.uk/football-gear/veo-camera-alternatives,ai_overview organic people_also_ask related_searches popular_products
crystal palace academy trials,140,13,1.58,2.1500000953674316,0.09000000357627869,informational,https://www.footballparent.co.uk/academy-pathway/crystal-palace-development-centre-guide,ai_overview organic people_also_ask related_searches images
category 3 football academy list,140,14,1.27,,0,informational,https://www.footballparent.co.uk/academy-pathway/academy-categories-explained,ai_overview organic people_also_ask related_searches images
cat 3 football academy list,140,16,1.05,,0,informational,https://www.footballparent.co.uk/academy-pathway/academy-categories-explained,ai_overview organic people_also_ask images related_searches
football development,140,19,1.05,3.7200000286102295,0.12999999523162842,informational,https://www.footballparent.co.uk/football-development,ai_overview local_pack people_also_ask organic video related_searches images
category 3 football academies list,140,18,0.78,,0,informational,https://www.footballparent.co.uk/academy-pathway/academy-categories-explained,ai_overview organic people_also_ask images related_searches
how to join chelsea fc youth academy,140,20,0.60,4.070000171661377,0.12999999523162842,informational,https://www.footballparent.co.uk/academy-pathway/chelsea-fc-development-centre-guide,ai_overview people_also_ask organic related_searches
jpl trials,140,21,0.60,0.6100000143051147,0.03999999910593033,informational,https://www.footballparent.co.uk/parent-guides/how-to-get-into-the-jpl,organic ai_overview people_also_ask video related_searches images
crystal palace fc academy training ground,140,25,0.38,,0,navigational,https://www.footballparent.co.uk/academy-pathway/crystal-palace-development-centre-guide,ai_overview organic people_also_ask video related_searches knowledge_graph google_reviews images
development centres,140,29,0.34,,0.03999999910593033,informational,https://www.footballparent.co.uk/academy-pathway/uk-football-development-centres-explained,ai_overview organic people_also_ask find_results_on local_pack related_searches google_reviews images
arsenal soccer schools,140,25,0.32,0.8600000143051147,0.07999999821186066,informational,https://www.footballparent.co.uk/academy-pathway/arsenal-development-centre-guide,ai_overview organic people_also_ask related_searches knowledge_graph images
development centre,140,35,0.29,,0.03999999910593033,informational,https://www.footballparent.co.uk/academy-pathway/uk-football-development-centres-explained,find_results_on local_pack organic people_also_ask related_searches images
development in football,140,40,0.29,3.7200000286102295,0.12999999523162842,informational,https://www.footballparent.co.uk/football-development,ai_overview organic people_also_ask video scholarly_articles related_searches images
premier league academies,140,47,0.29,2.450000047683716,0.05999999865889549,informational,https://www.footballparent.co.uk/academy-pathway,organic ai_overview people_also_ask related_searches
how to join football academy,140,49,0.29,1.5199999809265137,0.28999999165534973,informational,https://www.footballparent.co.uk/academy-pathway,ai_overview people_also_ask organic video related_searches
how to join a football academy,140,50,0.29,1.5199999809265137,0.28999999165534973,informational,https://www.footballparent.co.uk/academy-pathway,ai_overview organic people_also_ask related_searches
player pathway,140,58,0.29,3.7799999713897705,0.15000000596046448,navigational,https://www.footballparent.co.uk/academy-pathway,ai_overview organic images people_also_ask video related_searches
football parent,110,4,10.70,,0,informational,https://www.footballparent.co.uk/,ai_overview organic video people_also_ask related_searches knowledge_graph images
parents football,110,11,2.82,,0,informational,https://www.footballparent.co.uk/,organic images ai_overview video people_also_ask related_searches knowledge_graph
eppp football,110,10,2.17,,0,informational,https://www.footballparent.co.uk/academy-pathway/what-is-eppp,ai_overview organic people_also_ask scholarly_articles related_searches images
cat 3 football academies,110,13,1.65,,0.019999999552965164,informational,https://www.footballparent.co.uk/academy-pathway/academy-categories-explained,ai_overview organic people_also_ask images related_searches
category 3 football academies,110,13,1.65,,0.019999999552965164,informational,https://www.footballparent.co.uk/academy-pathway/academy-categories-explained,ai_overview organic people_also_ask images related_searches
category 3 football academy,110,13,1.24,,0.019999999552965164,informational,https://www.footballparent.co.uk/academy-pathway/academy-categories-explained,ai_overview organic people_also_ask related_searches
jpl youth league,110,12,1.24,,0,informational,https://www.footballparent.co.uk/parent-guides/what-is-the-junior-premier-league,organic people_also_ask related_searches images
cat 1 football academies,110,17,0.65,,0.009999999776482582,informational,https://www.footballparent.co.uk/academy-pathway/academy-categories-explained,ai_overview organic people_also_ask images related_searches
junior premier league uk,110,15,0.65,,0,informational,https://www.footballparent.co.uk/parent-guides/what-is-the-junior-premier-league,organic people_also_ask related_searches
cat 1 football academy,110,18,0.62,,0.009999999776482582,informational,https://www.footballparent.co.uk/academy-pathway/academy-categories-explained,ai_overview organic people_also_ask images related_searches
size 4 football age,110,19,0.56,0.4399999976158142,0.9800000190734863,informational,https://www.footballparent.co.uk/football-gear/best-footballs-by-age,ai_overview images people_also_ask organic related_searches
hale end training ground,110,20,0.47,,0,navigational,https://www.footballparent.co.uk/academy-pathway/arsenal-development-centre-guide,ai_overview organic people_also_ask images related_searches knowledge_graph google_reviews
pathway football,110,22,0.30,,0.019999999552965164,informational,https://www.footballparent.co.uk/academy-pathway,organic related_searches images
what is a football academy,110,24,0.30,,0,informational,https://www.footballparent.co.uk/academy-pathway/how-academy-football-works,ai_overview people_also_ask organic short_videos related_searches images
junior premier league 25 26,110,28,0.23,,0,informational,https://www.footballparent.co.uk/parent-guides/what-is-the-junior-premier-league,organic people_also_ask ai_overview related_searches
what is football academy,110,29,0.23,,0,informational,https://www.footballparent.co.uk/academy-pathway/how-academy-football-works,ai_overview people_also_ask organic short_videos related_searches images
grassroots soccer,110,28,0.23,0.05999999865889549,0.009999999776482582,informational,https://www.footballparent.co.uk/parent-guides/what-is-grassroots-football,organic people_also_ask related_searches knowledge_graph google_reviews images
grass root soccer,110,35,0.23,0.05999999865889549,0.009999999776482582,informational,https://www.footballparent.co.uk/parent-guides/what-is-grassroots-football,organic ai_overview people_also_ask related_searches knowledge_graph images
motspur park training ground,110,38,0.23,,0,navigational,https://www.footballparent.co.uk/academy-pathway/fulham-fc-development-centre-guide,ai_overview organic people_also_ask video related_searches knowledge_graph google_reviews images
grassroots football leagues,110,41,0.23,2.549999952316284,0.019999999552965164,informational,https://www.footballparent.co.uk/parent-guides/what-is-grassroots-football,ai_overview organic people_also_ask related_searches images
grassroot soccer,110,45,0.23,0.05999999865889549,0.009999999776482582,informational,https://www.footballparent.co.uk/parent-guides/what-is-grassroots-football,organic people_also_ask related_searches knowledge_graph images
player development academy,110,48,0.23,1.4800000190734863,0.019999999552965164,informational,https://www.footballparent.co.uk/academy-pathway,organic people_also_ask related_searches images
future fit football,110,51,0.23,1.0099999904632568,0.009999999776482582,informational,https://www.footballparent.co.uk/football-development/new-fa-youth-football-format,organic images ai_overview people_also_ask related_searches
arsenal development centre,90,9,2.30,,0.009999999776482582,navigational,https://www.footballparent.co.uk/academy-pathway/arsenal-development-centre-guide,ai_overview organic people_also_ask related_searches images
chelsea dev,90,10,2.30,2.559999942779541,0.05999999865889549,informational,https://www.footballparent.co.uk/academy-pathway/chelsea-fc-development-centre-guide,organic ai_overview twitter people_also_ask related_searches knowledge_graph
chelsea development centre trials,90,10,1.77,1.3600000143051147,0.07000000029802322,informational,https://www.footballparent.co.uk/academy-pathway/chelsea-fc-development-centre-guide,ai_overview organic people_also_ask related_searches
veo football camera price,90,11,1.77,1.4600000381469727,1,commercial,https://www.footballparent.co.uk/football-gear/veo-camera-alternatives,ai_overview organic people_also_ask popular_products related_searches images
chelsea development,90,11,1.35,2.559999942779541,0.05999999865889549,informational,https://www.footballparent.co.uk/academy-pathway/chelsea-fc-development-centre-guide,organic people_also_ask related_searches knowledge_graph images
veo camera for sale,90,11,1.35,1.25,1,transactional,https://www.footballparent.co.uk/football-gear/veo-camera-alternatives,organic people_also_ask popular_products related_searches images
veo cameras for sale,90,11,1.35,1.25,1,commercial,https://www.footballparent.co.uk/football-gear/veo-camera-alternatives,organic people_also_ask popular_products related_searches images
category 1 academies,90,14,1.02,,0,navigational,https://www.footballparent.co.uk/academy-pathway/academy-categories-explained,organic ai_overview images people_also_ask related_searches
academy category 1,90,15,0.82,,0,informational,https://www.footballparent.co.uk/academy-pathway/academy-categories-explained,ai_overview organic people_also_ask images related_searches
category 1 academy,90,15,0.82,,0,navigational,https://www.footballparent.co.uk/academy-pathway/academy-categories-explained,ai_overview organic people_also_ask images related_searches
crystal palace trials,90,16,0.53,5.389999866485596,0.10000000149011612,informational,https://www.footballparent.co.uk/academy-pathway/crystal-palace-development-centre-guide,ai_overview organic people_also_ask related_searches images
youth football sizes,90,19,0.50,0.17000000178813934,0.9900000095367432,informational,https://www.footballparent.co.uk/football-gear/best-footballs-by-age,ai_overview organic images people_also_ask related_searches
fg boots meaning,90,22,0.46,0.5299999713897705,0.4699999988079071,informational,https://www.footballparent.co.uk/football-gear/ag-vs-fg-boots,ai_overview people_also_ask organic video images discussions_and_forums related_searches
jpl football uk,90,21,0.24,1.0399999618530273,0.019999999552965164,informational,https://www.footballparent.co.uk/parent-guides/what-is-the-junior-premier-league,organic related_searches
tottenham hotspur academy trials,90,22,0.24,2.1700000762939453,0.07000000029802322,informational,https://www.footballparent.co.uk/academy-pathway/tottenham-development-centres-explained,ai_overview organic people_also_ask related_searches
jpl north west,90,26,0.19,,0,navigational,https://www.footballparent.co.uk/parent-guides/what-is-the-junior-premier-league,organic people_also_ask related_searches
jpl league u16,90,27,0.19,,0,informational,https://www.footballparent.co.uk/parent-guides/what-is-the-junior-premier-league,organic ai_overview related_searches images
tottenham academy trials,90,28,0.19,2.1700000762939453,0.07000000029802322,informational,https://www.footballparent.co.uk/academy-pathway/tottenham-development-centres-explained,ai_overview organic people_also_ask related_searches images
grassroots clubs,90,30,0.19,4.559999942779541,0.029999999329447746,informational,https://www.footballparent.co.uk/parent-guides/what-is-grassroots-football,ai_overview organic people_also_ask related_searches images
grassroots football coaching,90,31,0.19,2.7699999809265137,0.10000000149011612,informational,https://www.footballparent.co.uk/parent-guides/what-is-grassroots-football,ai_overview organic people_also_ask related_searches images
player development programme,90,31,0.19,,0.019999999552965164,informational,https://www.footballparent.co.uk/academy-pathway/development-centres-vs-academies,ai_overview organic people_also_ask related_searches images
grassroots football club,90,32,0.19,8.850000381469727,0.09000000357627869,informational,https://www.footballparent.co.uk/parent-guides/what-is-grassroots-football,ai_overview organic people_also_ask related_searches images
jsl football,90,35,0.19,,0,informational,https://www.footballparent.co.uk/parent-guides/what-is-the-junior-premier-league,ai_overview organic related_searches images
grassroots football clubs,90,36,0.19,8.850000381469727,0.09000000357627869,informational,https://www.footballparent.co.uk/parent-guides/what-is-grassroots-football,ai_overview organic people_also_ask related_searches images
trials for football clubs,90,48,0.19,1.8399999141693115,0.27000001072883606,informational,https://www.footballparent.co.uk/academy-trials,ai_overview organic people_also_ask related_searches images
veo alternatives uk,70,7,3.28,1.100000023841858,1,commercial,https://www.footballparent.co.uk/football-gear/veo-camera-alternatives,ai_overview organic people_also_ask related_searches
what does jpl stand for in football,70,8,2.37,,0,informational,https://www.footballparent.co.uk/parent-guides/what-is-the-junior-premier-league,ai_overview people_also_ask organic related_searches
what does jpl stand for,70,10,1.38,,0,informational,https://www.footballparent.co.uk/parent-guides/what-is-the-junior-premier-league,ai_overview people_also_ask organic related_searches
footballs under £10,70,14,1.05,0.25999999046325684,1,transactional,https://www.footballparent.co.uk/football-gear/best-footballs-by-age,organic popular_products compare_sites ai_overview related_searches
pre academy football,70,13,0.79,1.6800000667572021,0.09000000357627869,informational,https://www.footballparent.co.uk/academy-pathway/how-academy-football-works,ai_overview organic people_also_ask related_searches
veo camera cost,70,12,0.79,1.7300000190734863,0.6000000238418579,informational,https://www.footballparent.co.uk/football-gear/veo-camera-alternatives,organic people_also_ask popular_products related_searches
what is a football scholarship uk,70,13,0.79,,0.009999999776482582,informational,https://www.footballparent.co.uk/academy-pathway/football-scholarships-uk,ai_overview people_also_ask organic related_searches
what is the jpl league,70,13,0.79,,0,informational,https://www.footballparent.co.uk/parent-guides/what-is-the-junior-premier-league,ai_overview people_also_ask organic related_searches
what does ag football boots mean,70,16,0.64,,0.28999999165534973,informational,https://www.footballparent.co.uk/football-gear/ag-vs-fg-boots,ai_overview people_also_ask organic video images related_searches
cat 4 academy,70,15,0.41,,0,informational,https://www.footballparent.co.uk/academy-pathway/academy-categories-explained,organic images related_searches
category 1 academy list,70,17,0.41,,0,navigational,https://www.footballparent.co.uk/academy-pathway/academy-categories-explained,ai_overview organic people_also_ask images related_searches
size 5 football age,70,16,0.41,0.49000000953674316,0.9900000095367432,informational,https://www.footballparent.co.uk/football-gear/best-footballs-by-age,ai_overview people_also_ask organic related_searches
what does ag mean in football boots,70,19,0.41,,0.28999999165534973,informational,https://www.footballparent.co.uk/football-gear/ag-vs-fg-boots,ai_overview people_also_ask organic video images related_searches
yd8 form football,70,16,0.41,,0,informational,https://www.footballparent.co.uk/academy-pathway/how-academy-football-works,ai_overview organic people_also_ask related_searches
category 1 academies list,70,18,0.39,,0,navigational,https://www.footballparent.co.uk/academy-pathway/academy-categories-explained,ai_overview organic people_also_ask images related_searches
what does grassroots football mean,70,18,0.39,,0,informational,https://www.footballparent.co.uk/parent-guides/what-is-grassroots-football,ai_overview people_also_ask organic video related_searches
category 4 academy,70,17,0.36,,0,informational,https://www.footballparent.co.uk/academy-pathway/academy-categories-explained,ai_overview organic related_searches images
list of category 1 academies,70,18,0.36,,0,navigational,https://www.footballparent.co.uk/academy-pathway/academy-categories-explained,ai_overview organic people_also_ask related_searches
cat 4 academies,70,19,0.30,,0,informational,https://www.footballparent.co.uk/academy-pathway/academy-categories-explained,ai_overview organic images related_searches
best football for training,70,23,0.30,1.2599999904632568,0.9900000095367432,informational,https://www.footballparent.co.uk/football-gear/best-footballs-by-age,ai_overview organic video popular_products discussions_and_forums related_searches images
crystal palace football academy,70,23,0.23,1.5499999523162842,0.20999999344348907,navigational,https://www.footballparent.co.uk/academy-pathway/crystal-palace-development-centre-guide,organic local_pack people_also_ask related_searches images
jpl meaning,70,21,0.23,,0,informational,https://www.footballparent.co.uk/parent-guides/what-is-the-junior-premier-league,ai_overview people_also_ask organic related_searches
football sizes for age groups,70,23,0.19,0.3400000035762787,0.4399999976158142,informational,https://www.footballparent.co.uk/football-gear/best-footballs-by-age,ai_overview organic images related_searches
footballs for 8 year olds,70,31,0.19,1.1399999856948853,0.9900000095367432,transactional,https://www.footballparent.co.uk/football-gear/best-footballs-by-age,popular_products compare_sites people_also_ask ai_overview organic discussions_and_forums related_searches images
player development centres,70,25,0.16,,0.09000000357627869,informational,https://www.footballparent.co.uk/academy-pathway/crystal-palace-development-centre-guide,ai_overview organic people_also_ask related_searches
u10 football size,70,28,0.16,0.6000000238418579,0.8899999856948853,informational,https://www.footballparent.co.uk/football-gear/best-footballs-by-age,ai_overview people_also_ask organic images related_searches
pdc football,70,27,0.15,,0,informational,https://www.footballparent.co.uk/academy-pathway/uk-football-development-centres-explained,ai_overview organic people_also_ask related_searches images
player development centre,70,29,0.15,,0.09000000357627869,navigational,https://www.footballparent.co.uk/academy-pathway/uk-football-development-centres-explained,ai_overview organic people_also_ask related_searches images
best footballs size 5,70,44,0.15,0.5899999737739563,0.9800000190734863,commercial,https://www.footballparent.co.uk/football-gear/best-footballs-by-age,ai_overview organic popular_products compare_sites discussions_and_forums related_searches
how to get into an academy,70,35,0.15,1.5499999523162842,0.18000000715255737,informational,https://www.footballparent.co.uk/academy-pathway/how-academy-football-works,ai_overview organic video short_videos related_searches
players academy,70,32,0.15,1.2799999713897705,0.009999999776482582,navigational,https://www.footballparent.co.uk/academy-pathway,organic people_also_ask related_searches google_reviews knowledge_graph images
premier league pma,70,38,0.15,,0,informational,https://www.footballparent.co.uk/academy-pathway/premier-league-development-centres-list,organic ai_overview related_searches
new fa rules for grassroots football 25 26,70,46,0.15,,,informational,https://www.footballparent.co.uk/football-development/new-fa-youth-football-format,ai_overview organic images people_also_ask related_searches
grassroots team,70,45,0.15,7.300000190734863,0.009999999776482582,navigational,https://www.footballparent.co.uk/parent-guides/what-is-grassroots-football,ai_overview organic related_searches images
grassroots football uk,70,51,0.15,11.520000457763672,0.03999999910593033,informational,https://www.footballparent.co.uk/parent-guides/what-is-grassroots-football,organic related_searches
grassroots football meaning,70,54,0.15,,0,informational,https://www.footballparent.co.uk/parent-guides/what-is-grassroots-football,ai_overview organic related_searches
trials for football teams,70,55,0.15,1.4600000381469727,0.3499999940395355,informational,https://www.footballparent.co.uk/academy-trials,ai_overview organic people_also_ask related_searches
new fa rules for grassroots football 25/26,70,57,0.15,,,informational,https://www.footballparent.co.uk/football-development/new-fa-youth-football-format,ai_overview organic people_also_ask related_searches
junior premier league logo,50,7,1.69,,0,informational,https://www.footballparent.co.uk/parent-guides/what-is-the-junior-premier-league,images organic related_searches
jpl junior premier league,50,10,0.75,,0,informational,https://www.footballparent.co.uk/parent-guides/what-is-the-junior-premier-league,organic related_searches
jpl rules,50,17,0.25,,0,informational,https://www.footballparent.co.uk/parent-guides/what-is-the-junior-premier-league,organic ai_overview related_searches
veo go price,50,20,0.22,0.11999999731779099,0.11999999731779099,commercial,https://www.footballparent.co.uk/football-gear/veo-camera-alternatives,ai_overview organic people_also_ask related_searches popular_products
football academy categories,50,27,0.10,,0,informational,https://www.footballparent.co.uk/academy-pathway/academy-categories-explained,ai_overview organic related_searches images
category 2 academies list,50,28,0.10,,0,navigational,https://www.footballparent.co.uk/academy-pathway/academy-categories-explained,organic ai_overview related_searches
category 2 academy list,50,28,0.10,,0,informational,https://www.footballparent.co.uk/academy-pathway/academy-categories-explained,ai_overview organic related_searches images
grass routes football,50,31,0.10,,0.019999999552965164,informational,https://www.footballparent.co.uk/parent-guides/what-is-grassroots-football,ai_overview organic related_searches images
best size 4 footballs,50,46,0.10,0.6399999856948853,1,commercial,https://www.footballparent.co.uk/football-gear/best-footballs-by-age,ai_overview organic discussions_and_forums compare_sites popular_products related_searches
pathway development centre,50,36,0.10,,0.009999999776482582,navigational,https://www.footballparent.co.uk/academy-pathway,organic related_searches images
pre academy,50,50,0.10,,0.029999999329447746,informational,https://www.footballparent.co.uk/academy-pathway,ai_overview organic people_also_ask related_searches knowledge_graph google_reviews images
what football equipment do you need,50,70,0.10,,0.029999999329447746,informational,https://www.footballparent.co.uk/football-gear,ai_overview people_also_ask organic video related_searches
jpl #football teams,40,20,0.13,,0.009999999776482582,informational,https://www.footballparent.co.uk/parent-guides/what-is-the-junior-premier-league,organic ai_overview related_searches
under 10 football size,40,36,0.08,0.5099999904632568,1,informational,https://www.footballparent.co.uk/football-gear/best-footballs-by-age,ai_overview people_also_ask organic images related_searches
player pathways in football,40,49,0.08,,0.009999999776482582,informational,https://www.footballparent.co.uk/academy-pathway,ai_overview organic people_also_ask video related_searches
parents player,40,57,0.08,,0.9300000071525574,navigational,https://www.footballparent.co.uk/parent-guides,ai_overview organic related_searches
