domain_from,domain_from_rank,url_from,page_from_title,url_to,anchor,dofollow,is_lost,first_seen,last_seen,item_type,backlink_spam_score,is_indirect_link
www.mirror.co.uk,613,https://www.mirror.co.uk/sport/other-sports/grass-roots-football-live-last-1665650,Grass Roots Football Live: Last chance to get tickets - Mirror Online,http://www.grassrootsfootball.co.uk/,www.grassrootsfootball.co.uk,false,false,2023-07-24 02:04:28 +00:00,2025-11-10 10:22:45 +00:00,anchor,0,false
www.mirror.co.uk,611,https://www.mirror.co.uk/sport/other-sports/all-roots-do-lead-to-the-jsp-1663148,All Roots do lead to the JSP - The Mirror,http://www.grassrootsfootball.co.uk/,www.grassrootsfootball.co.uk,false,false,2021-10-27 18:55:41 +00:00,2026-01-23 19:10:17 +00:00,anchor,5,false
www.mirror.co.uk,611,https://www.mirror.co.uk/sport/other-sports/welcome-to-jsp-live---bigger-1663398,"Welcome to JSP Live! - Bigger, brighter and now in even more areas - Mirror Online",http://www.grassrootsfootball.co.uk/,www.grassrootsfootball.co.uk,false,false,2023-05-29 03:12:11 +00:00,2025-12-05 11:30:49 +00:00,anchor,0,false
www.mirror.co.uk,611,https://www.mirror.co.uk/sport/other-sports/robbie-savage-gearing-up-for-the-season-1664595,Robbie Savage: Gearing up for the season finale - The Mirror,http://www.grassrootsfootball.co.uk/,www.grassrootsfootball.co.uk,true,false,2022-01-26 01:36:17 +00:00,2025-11-29 00:56:44 +00:00,anchor,0,false
www.mirror.co.uk,610,https://www.mirror.co.uk/sport/other-sports/robbie-savage-our-kids-helping-out-1664415,Robbie Savage: Our kids helping out in Malawi - The Mirror,http://www.grassrootsfootball.co.uk/,www.grassrootsfootball.co.uk,true,false,2023-07-12 10:01:25 +00:00,2025-12-08 13:42:49 +00:00,anchor,0,false
www.mirror.co.uk,608,https://www.mirror.co.uk/sport/other-sports/win-a-lunch-and-skills-session-with-billy-1663421,Win a lunch and skills session with Billy Wingrove - The Mirror,http://www.grassrootsfootball.co.uk/,www.grassrootsfootball.co.uk,false,false,2023-05-29 03:24:35 +00:00,2026-04-13 02:45:28 +00:00,anchor,0,false
www.mirror.co.uk,608,https://www.mirror.co.uk/sport/other-sports/q--a-the-professional-karl-1663402,Q & A: The professional Karl Henry - The Mirror,http://www.grassrootsfootball.co.uk/,www.grassrootsfootball.co.uk,false,false,2023-09-16 16:05:40 +00:00,2026-04-13 01:43:36 +00:00,anchor,0,false
www.mirror.co.uk,608,https://www.mirror.co.uk/sport/other-sports/robbie-savage-the-great-feeling-of-finals-1664147,Robbie Savage: The great feeling of finals - The Mirror,http://www.grassrootsfootball.co.uk/,www.grassrootsfootball.co.uk,false,false,2023-09-17 08:56:30 +00:00,2026-04-13 01:04:49 +00:00,anchor,0,false
www.mirror.co.uk,603,https://www.mirror.co.uk/sport/other-sports/jsp-competitions-grass-roots-tickets-1663935,JSP Competitions: Grass Roots tickets and lunch with Billy Wingrove - The Mirror,http://www.grassrootsfootball.co.uk/,www.grassrootsfootball.co.uk,false,false,2023-05-29 03:26:03 +00:00,2026-07-09 09:16:01 +00:00,anchor,5,false
www.mirror.co.uk,601,https://www.mirror.co.uk/incoming/podcast-ricky-hatton-on-manchester-citys-837384,Podcast: Ricky Hatton on Manchester City's title party and Robbie Savage on Liverpool manager and England squad - The Mirror,http://www.grassrootsfootball.co.uk/,click here for more information,false,false,2021-10-26 23:04:19 +00:00,2026-09-10 20:46:44 +00:00,anchor,5,false
www.birminghammail.co.uk,470,https://www.birminghammail.co.uk/sport/football/football-news/birmingham-city-former-blues-star-185559,Birmingham City: Former blues star Lee Carsley head coach at Grass Roots Football Show - Birmingham Live,http://www.grassrootsfootball.co.uk/,www.grassrootsfootball.co.uk,false,false,2025-01-04 16:01:53 +00:00,2026-03-19 15:42:12 +00:00,anchor,0,false
www.birminghammail.co.uk,470,https://www.birminghammail.co.uk/sport/football/football-news/birmingham-city-former-blues-star-185559,Birmingham City: Former blues star Lee Carsley head coach at Grass Roots Football Show - Birmingham Live,http://www.grassrootsfootball.co.uk/tickets/,http://www.grassrootsfootball.co.uk/tickets/,false,false,2025-01-04 16:01:53 +00:00,2026-03-19 15:42:12 +00:00,anchor,0,false
heavenarticle.com,463,http://heavenarticle.com/youtube-for-marketing-124/,YouTube for Marketing-124 | Heaven Article,https://grassrootsfootball.co.uk/,grassrootsfootball,true,false,2024-08-31 02:27:56 +00:00,2025-10-23 00:07:31 +00:00,anchor,85,false
prlog.ru,461,https://prlog.ru/analysis/grassrootsbuddy.com,"Grassrootsbuddy.com - анализ сайта, seo характеристики сайта - грассрутсбудды точка ком",http://grassrootsfootball.co.uk/,,false,false,2025-10-14 01:51:48 +00:00,2025-10-14 01:51:48 +00:00,image,35,false
prlog.ru,459,https://prlog.ru/analysis/stirtoaction.com,"Stirtoaction.com - анализ сайта, seo характеристики сайта - стиртоактион точка ком",http://grassrootsfootball.co.uk/,,false,false,2024-02-28 14:08:56 +00:00,2025-12-04 21:26:07 +00:00,image,35,false
prlog.ru,459,https://prlog.ru/analysis/grassrootsfootball.co.uk,"Grassrootsfootball.co.uk - анализ сайта, seo характеристики сайта - грассрутсфутбалл точка ко точка ук",http://grassrootsfootball.co.uk/,grassrootsfootball.co.uk,false,false,2025-11-15 09:22:04 +00:00,2025-11-15 09:22:04 +00:00,anchor,35,false
prlog.ru,459,https://prlog.ru/analysis/grassrootsfootball.co.uk,"Grassrootsfootball.co.uk - анализ сайта, seo характеристики сайта - грассрутсфутбалл точка ко точка ук",http://www.grassrootsfootball.co.uk/,grassrootsfootball.co.uk/,false,false,2025-11-15 09:22:04 +00:00,2025-11-15 09:22:04 +00:00,anchor,35,false
prlog.ru,459,https://prlog.ru/analysis/grassrootsfootball.co.uk,"Grassrootsfootball.co.uk - анализ сайта, seo характеристики сайта - грассрутсфутбалл точка ко точка ук",http://www.grassrootsfootball.co.uk/event-news/,grassrootsfootball.co.uk/event...,false,false,2025-11-15 09:22:04 +00:00,2025-11-15 09:22:04 +00:00,anchor,35,false
www.fourfourtwo.com,458,https://www.fourfourtwo.com/features/newsletter-280510,Newsletter 280510 | FourFourTwo,https://www.grassrootsfootball.co.uk/ffttickets,ticket,true,false,2023-11-20 13:15:02 +00:00,2026-08-30 00:24:59 +00:00,anchor,0,false
www.fourfourtwo.com,458,https://www.fourfourtwo.com/features/newsletter-280510,Newsletter 280510 | FourFourTwo,https://www.grassrootsfootball.co.uk/fftpreview,preview,true,false,2023-11-20 13:15:02 +00:00,2026-08-30 00:24:59 +00:00,anchor,0,false
www.fourfourtwo.com,458,https://www.fourfourtwo.com/features/newsletter-280510,Newsletter 280510 | FourFourTwo,https://www.grassrootsfootball.co.uk/fftexhib,exhibitor list,true,false,2023-11-20 13:15:02 +00:00,2026-08-30 00:24:59 +00:00,anchor,0,false
www.fourfourtwo.com,458,https://www.fourfourtwo.com/features/newsletter-280510,Newsletter 280510 | FourFourTwo,https://www.grassrootsfootball.co.uk/fftppass,Premier Pass,true,false,2023-11-20 13:15:02 +00:00,2026-08-30 00:24:59 +00:00,anchor,0,false
www.fourfourtwo.com,457,https://www.fourfourtwo.com/performance/training/building-confidence-young-players,Building confidence in young players | FourFourTwo,https://www.grassrootsfootball.co.uk/,www.grassrootsfootball.co.uk,true,false,2023-10-13 21:45:30 +00:00,2026-08-28 02:59:42 +00:00,anchor,0,false
www.fourfourtwo.com,457,https://www.fourfourtwo.com/performance/training/savage-rattle-opposition,Savage: Rattle the opposition | FourFourTwo,https://www.grassrootsfootball.co.uk/,www.grassrootsfootball.co.uk,true,false,2023-10-13 22:10:51 +00:00,2026-08-28 02:55:02 +00:00,anchor,0,false
www.fourfourtwo.com,457,https://www.fourfourtwo.com/performance/training/getting-best-out-young-players,Getting the best out of young players | FourFourTwo,https://www.grassrootsfootball.co.uk/,www.grassrootsfootball.co.uk,true,false,2023-10-13 22:11:51 +00:00,2026-08-28 02:54:52 +00:00,anchor,0,false
www.fourfourtwo.com,457,https://www.fourfourtwo.com/news/brooking-launches-grass-roots-football-show,Brooking launches Grass Roots Football Show | FourFourTwo,https://www.grassrootsfootball.co.uk/,www.grassrootsfootball.co.uk,true,false,2023-10-13 20:28:16 +00:00,2026-08-28 02:50:31 +00:00,anchor,0,false
www.fourfourtwo.com,457,https://www.fourfourtwo.com/performance/training/staying-confident-during-goal-drought,Staying confident during a goal-drought | FourFourTwo,https://www.grassrootsfootball.co.uk/,www.grassrootsfootball.co.uk,true,false,2020-08-04 00:23:09 +00:00,2026-08-27 00:23:01 +00:00,anchor,0,false
www.fourfourtwo.com,457,https://www.fourfourtwo.com/performance/training/savage-developing-self-belief,Savage: Developing self-belief | FourFourTwo,https://www.grassrootsfootball.co.uk/,www.grassrootsfootball.co.uk,true,false,2023-03-27 00:16:07 +00:00,2026-08-26 14:53:27 +00:00,anchor,0,false
www.fourfourtwo.com,457,https://www.fourfourtwo.com/performance/tactics/iain-dowie-getting-most-out-sub,Iain Dowie: Getting the most out of a sub | FourFourTwo,https://www.grassrootsfootball.co.uk/,www.grassrootsfootball.co.uk,true,false,2023-10-13 20:09:45 +00:00,2026-08-26 14:51:13 +00:00,anchor,0,false
www.fourfourtwo.com,457,https://www.fourfourtwo.com/performance/tactics/creating-final-third,Creating in the final third | FourFourTwo,https://www.grassrootsfootball.co.uk/,www.grassrootsfootball.co.uk,true,false,2023-10-13 20:15:03 +00:00,2026-08-26 14:49:31 +00:00,anchor,0,false
www.fourfourtwo.com,457,https://www.fourfourtwo.com/performance/tactics/hughton-stopping-jet-heeled-striker,Hughton: Stopping a jet-heeled striker | FourFourTwo,https://www.grassrootsfootball.co.uk/,www.grassrootsfootball.co.uk,true,false,2022-05-03 02:43:02 +00:00,2026-08-26 14:48:18 +00:00,anchor,0,false
www.fourfourtwo.com,457,https://www.fourfourtwo.com/performance/tactics/momentum-after-conceding-goal,Momentum after conceding a goal | FourFourTwo,https://www.grassrootsfootball.co.uk/,www.grassrootsfootball.co.uk,true,false,2023-03-27 00:13:51 +00:00,2026-08-26 14:42:48 +00:00,anchor,0,false
www.fourfourtwo.com,457,https://www.fourfourtwo.com/performance/tactics/defending-corners-essentials,Defending corners: The essentials | FourFourTwo,https://www.grassrootsfootball.co.uk/,www.grassrootsfootball.co.uk,true,false,2023-11-15 06:04:06 +00:00,2026-08-25 22:00:42 +00:00,anchor,0,false
www.fourfourtwo.com,457,https://www.fourfourtwo.com/performance/training/eric-harrisons-3-top-tips-young-players,Eric Harrison's 3 top tips for young players | FourFourTwo,https://www.grassrootsfootball.co.uk/,www.grassrootsfootball.co.uk,true,false,2021-05-08 22:18:15 +00:00,2026-08-21 16:53:10 +00:00,anchor,0,false
www.fourfourtwo.com,457,https://www.fourfourtwo.com/performance/training/get-best-out-young-players,Get the best out of young players | FourFourTwo,https://www.grassrootsfootball.co.uk/,www.grassrootsfootball.co.uk,true,false,2021-05-18 14:50:04 +00:00,2026-08-21 16:44:16 +00:00,anchor,0,false
www.fourfourtwo.com,457,https://www.fourfourtwo.com/performance/tactics/dion-dublin-defending-front,Dion Dublin: Defending from the front | FourFourTwo,https://www.grassrootsfootball.co.uk/,www.grassrootsfootball.co.uk,true,false,2021-06-18 00:44:32 +00:00,2026-08-19 09:51:11 +00:00,anchor,0,false
www.fourfourtwo.com,457,https://www.fourfourtwo.com/performance/skills/dion-dublin-holding-ball,Dion Dublin: Holding the ball up | FourFourTwo,https://www.grassrootsfootball.co.uk/,www.grassrootsfootball.co.uk,true,false,2021-06-22 13:52:07 +00:00,2026-08-19 09:51:09 +00:00,anchor,0,false
www.fourfourtwo.com,456,https://www.fourfourtwo.com/performance/skills/dion-dublin-score-one-ones,Dion Dublin: Score one-on-ones | FourFourTwo,https://www.grassrootsfootball.co.uk/,www.grassrootsfootball.co.uk,true,false,2023-10-13 12:11:23 +00:00,2026-09-18 18:20:17 +00:00,anchor,0,false
www.fourfourtwo.com,456,https://www.fourfourtwo.com/performance/training/iain-dowie-building-good-vocal-unit,Iain Dowie: Building a good vocal unit | FourFourTwo,https://www.grassrootsfootball.co.uk/,www.grassrootsfootball.co.uk,true,false,2023-03-27 00:14:41 +00:00,2026-09-10 22:40:34 +00:00,anchor,0,false
www.fourfourtwo.com,456,https://www.fourfourtwo.com/performance/training/coping-being-dropped,Coping with being dropped | FourFourTwo,https://www.grassrootsfootball.co.uk/,www.grassrootsfootball.co.uk,true,false,2020-08-03 23:29:06 +00:00,2026-09-10 21:45:29 +00:00,anchor,0,false
www.fourfourtwo.com,456,https://www.fourfourtwo.com/performance/tactics/hughton-dealing-quick-winger,Chris Hughton: How to stop a quick winger | FourFourTwo,https://www.grassrootsfootball.co.uk/,www.grassrootsfootball.co.uk,true,false,2021-10-29 21:27:52 +00:00,2026-09-10 14:34:32 +00:00,anchor,0,false
www.fourfourtwo.com,456,https://www.fourfourtwo.com/performance/training/use-your-mind-mend-your-body,Use your mind to mend your body | FourFourTwo,https://www.grassrootsfootball.co.uk/,www.grassrootsfootball.co.uk,true,false,2020-08-03 23:44:06 +00:00,2026-09-10 14:28:56 +00:00,anchor,0,false
www.fourfourtwo.com,456,https://www.fourfourtwo.com/performance/tactics/tosh-farrell-2-step-guide-5-side-corners,Tosh Farrell: 2-step guide to 5-a-side corners | FourFourTwo,https://www.grassrootsfootball.co.uk/,www.grassrootsfootball.co.uk,true,false,2023-03-27 00:09:50 +00:00,2026-09-10 09:31:12 +00:00,anchor,0,false
www.fourfourtwo.com,456,https://www.fourfourtwo.com/performance/training/developing-mental-toughness-young-players,Developing mental toughness in young players | FourFourTwo,https://www.grassrootsfootball.co.uk/,www.grassrootsfootball.co.uk,true,false,2023-03-27 00:13:07 +00:00,2026-09-09 08:16:29 +00:00,anchor,0,false
www.fourfourtwo.com,456,https://www.fourfourtwo.com/performance/training/building-mental-strength-young-players,Building mental strength in young players | FourFourTwo,https://www.grassrootsfootball.co.uk/,www.grassrootsfootball.co.uk,true,false,2023-10-13 21:53:01 +00:00,2026-09-09 05:55:24 +00:00,anchor,0,false
www.fourfourtwo.com,456,https://www.fourfourtwo.com/performance/skills/how-play-target-man-5-point-plan,How to play as a target man: A 5 point plan | FourFourTwo,https://www.grassrootsfootball.co.uk/,www.grassrootsfootball.co.uk,true,false,2026-04-13 03:56:40 +00:00,2026-08-15 21:02:12 +00:00,anchor,0,false
www.fourfourtwo.com,456,https://www.fourfourtwo.com/performance/tactics/dion-dublin-score-crosses,Dion Dublin: Score from crosses | FourFourTwo,https://www.grassrootsfootball.co.uk/,www.grassrootsfootball.co.uk,true,false,2023-10-13 08:28:51 +00:00,2026-08-15 21:01:51 +00:00,anchor,0,false
www.fourfourtwo.com,456,https://www.fourfourtwo.com/performance/skills/savage-set-piece-delivery,Savage: Set-piece delivery | FourFourTwo,https://www.grassrootsfootball.co.uk/,www.grassrootsfootball.co.uk,true,false,2023-10-31 11:44:30 +00:00,2026-08-07 17:56:59 +00:00,anchor,0,false
heavenarticle.com,456,https://heavenarticle.com/youtube-for-marketing-124/,YouTube for Marketing-124 | Heaven Article,https://grassrootsfootball.co.uk/,grassrootsfootball,true,false,2024-08-10 02:11:36 +00:00,2026-02-05 03:38:40 +00:00,anchor,55,false
www.fourfourtwo.com,455,https://www.fourfourtwo.com/performance/training/savage-get-referees-head,Savage: Get in the referee's head | FourFourTwo,https://www.grassrootsfootball.co.uk/,www.grassrootsfootball.co.uk,true,false,2023-03-27 00:16:30 +00:00,2026-08-02 08:52:33 +00:00,anchor,0,false
www.fourfourtwo.com,455,https://www.fourfourtwo.com/performance/tactics/iain-dowie-defending-10-men,Iain Dowie: Defending with 10 men | FourFourTwo,https://www.grassrootsfootball.co.uk/,www.grassrootsfootball.co.uk,true,false,2021-06-16 14:18:21 +00:00,2026-08-02 04:07:42 +00:00,anchor,0,false
www.fourfourtwo.com,455,https://www.fourfourtwo.com/performance/training/staying-performance-focused-kick,Staying performance focused before kick-off | FourFourTwo,https://www.grassrootsfootball.co.uk/,www.grassrootsfootball.co.uk,true,false,2020-08-04 00:28:40 +00:00,2026-08-02 04:02:39 +00:00,anchor,0,false
www.fourfourtwo.com,455,https://www.fourfourtwo.com/performance/tactics/playing-offside-trap-full-back-dos-and-donts,Playing the offside trap as a full-back: the do's and don'ts | FourFourTwo,https://www.grassrootsfootball.co.uk/,www.grassrootsfootball.co.uk,true,false,2023-10-18 07:40:51 +00:00,2026-07-24 08:10:40 +00:00,anchor,0,false
www.fourfourtwo.com,455,https://www.fourfourtwo.com/performance/tactics/how-defend-when-youve-got-ball,How to defend when you’ve got the ball | FourFourTwo,https://www.grassrootsfootball.co.uk/,www.grassrootsfootball.co.uk,true,false,2023-11-15 06:04:10 +00:00,2026-07-24 08:09:56 +00:00,anchor,0,false
rockyhollowlakehouse.com,444,https://rockyhollowlakehouse.com/river-soccer-drill,Over The River Soccer Drill — Rockyhollowlakehouse,https://www.grassrootsfootball.co.uk/,Grassroots Football Association,true,false,2026-08-15 06:12:46 +00:00,2026-08-15 06:12:46 +00:00,anchor,5,false
dnpric.es,443,http://dnpric.es/?ss=dagrasso.com,"DNPric.es | Domain Name Prices, the most complete database of 4,500,000+ [premium] online asset sales worth $8,000,000,000.00+ of deals and much more",http://grassrootsfootball.co.uk/,visit,true,false,2024-03-05 08:01:01 +00:00,2025-09-26 11:17:06 +00:00,anchor,35,false
server1.fijin.com,420,http://server1.fijin.com/www.grassrootsfootball.co.uk,Grassrootsfootball.co.uk: Reviews and Comments | www.Grassrootsfootball.co.uk,http://grassrootsfootball.co.uk/,Grass Roots Football - Coming Soon,true,false,2026-09-21 20:43:37 +00:00,2026-09-21 20:43:37 +00:00,anchor,30,false
prlog.ru,419,https://prlog.ru/analysis/betredkings.com,"Betredkings.com - анализ сайта, seo характеристики сайта - бетредкингс точка ком",http://grassrootsfootball.co.uk/,,false,false,2022-03-19 00:21:51 +00:00,2026-06-27 01:35:46 +00:00,image,35,false
piclur.com,369,https://piclur.com/search/%23GrassrootsFootball,#grassrootsfootball search results - Piclur,https://grassrootsfootball.co.uk/article/how-to-become-a-pro-footballer,,true,true,2025-10-02 00:09:54 +00:00,2026-03-21 20:47:32 +00:00,anchor,0,false
piclur.com,368,https://piclur.com/search/%23GrassrootsFootball,#grassrootsfootball search results - Piclur,https://grassrootsfootball.co.uk/article/common-mistakes-of-junior-football-coaches,,true,true,2026-03-21 20:47:32 +00:00,2026-04-13 20:20:18 +00:00,anchor,0,false
piclur.com,368,https://piclur.com/search/%23GrassrootsFootball,#grassrootsfootball search results - Piclur,https://grassrootsfootball.co.uk/article/many-benefits-of-your-child-playing-junior-football,,true,true,2026-03-21 20:47:32 +00:00,2026-04-13 20:20:18 +00:00,anchor,0,false
piclur.com,368,https://piclur.com/search/%23GrassrootsFootball,#grassrootsfootball search results - Piclur,https://www.grassrootsfootball.co.uk/article/building-mental-resilience-in-young-footballers,,true,true,2026-03-21 20:47:32 +00:00,2026-04-13 20:20:18 +00:00,anchor,0,false
piclur.com,368,https://piclur.com/search/%23GrassrootsFootball,#grassrootsfootball search results - Piclur,https://www.grassrootsfootball.co.uk/article/why-dont-my-players-listen-at-training,grassrootsfootball.co.uk/article/why-do…,false,false,2026-04-13 20:20:18 +00:00,2026-04-13 20:20:18 +00:00,anchor,15,false
piclur.com,368,https://piclur.com/search/%23GrassrootsFootball,#grassrootsfootball search results - Piclur,https://www.grassrootsfootball.co.uk/article/the-vital-role-of-facilities-in-uk-junior-grassroots-football,grassrootsfootball.co.uk/article/the-vi…,false,false,2026-04-13 20:20:18 +00:00,2026-04-13 20:20:18 +00:00,anchor,15,false
piclur.com,368,https://piclur.com/search/%23GrassrootsFootball,#grassrootsfootball search results - Piclur,https://www.grassrootsfootball.co.uk/,grassrootsfootball.co.uk,false,false,2026-03-21 20:47:32 +00:00,2026-04-13 20:20:18 +00:00,anchor,15,false
domains.tntcode.com,345,https://domains.tntcode.com/ip/172.67.191.188,Domains on ip 172.67.191.188,https://grassrootsfootball.co.uk/,,false,false,2023-08-23 18:21:56 +00:00,2025-09-18 01:32:52 +00:00,anchor,35,false
drjack.world,333,https://drjack.world/report/76200,👲 Domain Report 👲,https://grassrootsfootball.co.uk/,grassrootsfootball.co.uk,false,false,2026-01-01 17:10:21 +00:00,2026-08-18 03:21:37 +00:00,anchor,50,false
bye.fyi,326,https://bye.fyi/report/1778843,👲 Domain Report 👲,https://grassrootsfootball.co.uk/,grassrootsfootball.co.uk,false,false,2024-12-22 17:59:30 +00:00,2025-10-09 05:37:26 +00:00,anchor,50,false
sitecatalog.ru,323,https://sitecatalog.ru/dmoz/sports/soccer-sports,Soccer_(Sports) | SITECATALOG,https://www.grassrootsfootball.co.uk/,www.grassrootsfootball.co.uk,true,false,2025-11-23 03:26:01 +00:00,2025-11-23 03:26:01 +00:00,anchor,40,false
bye.fyi,320,https://bye.fyi/report/76200,👲 Domain Report 👲,https://grassrootsfootball.co.uk/,grassrootsfootball.co.uk,false,false,2026-05-01 19:28:32 +00:00,2026-07-08 23:49:42 +00:00,anchor,50,false
wayranks.com,318,https://wayranks.com/coach-marketing-push-or-pull-marketing-are-you-chasing-customers-or-are-they-chasing-you-1552/,"Coach Marketing – Push Or Pull Marketing – Are You Chasing Customers, Or Are They Chasing You?-1552 | Way Ranks",https://grassrootsfootball.co.uk/,grassrootsfootball,true,false,2025-11-11 14:08:00 +00:00,2026-09-08 20:01:45 +00:00,anchor,65,false
bye.fyi,317,https://bye.fyi/report/76199,👲 Domain Report 👲,https://grassrootsfootball.co.uk/,grassrootsfootball.co.uk,false,false,2026-06-02 14:17:59 +00:00,2026-08-24 11:21:06 +00:00,anchor,50,false
articlement.com,312,https://articlement.com/youtube-for-marketing-124/,YouTube for Marketing-124 | Article Ment,https://grassrootsfootball.co.uk/,grassrootsfootball,true,false,2024-05-27 23:36:11 +00:00,2026-08-21 18:13:36 +00:00,anchor,55,false
prospeo.io,306,https://prospeo.io/t/bigdatacloud-ip-geolocation-customers,BigDataCloud IP Geolocation Customers,https://grassrootsfootball.co.uk/,grassrootsfootball.co.uk,true,false,2026-03-12 09:58:26 +00:00,2026-07-24 15:58:22 +00:00,anchor,0,false
urls-shortener.eu,305,https://urls-shortener.eu/share/76200,❤️ URL Shared ❤️,https://grassrootsfootball.co.uk/,,true,true,2026-01-05 21:35:00 +00:00,2026-02-23 11:16:45 +00:00,anchor,0,false
www.armagard.pl,300,https://www.armagard.pl/artykuly/zestaw-digital-signage-w-swiecie-pilki-noznej-jak-zarobic-na-rzeszach-fanow-pojawiajacych-sie-na-meczach/,Zestaw Digital Signage w świecie piłki nożnej,https://www.grassrootsfootball.co.uk/,Grassroots,true,false,2019-02-16 23:21:52 +00:00,2026-09-08 14:29:58 +00:00,anchor,0,false
www.armagard.fr,298,https://www.armagard.fr/blog/digital-signage-dans-le-domaine-du-football/,Digital Signage Dans Le Domaine Du Football,https://www.grassrootsfootball.co.uk/,novices,true,false,2019-01-21 04:38:33 +00:00,2026-09-08 21:52:29 +00:00,anchor,0,false
theviewfromcullingworth.blogspot.com,297,https://theviewfromcullingworth.blogspot.com/search/label/arts.,The View from Cullingworth: arts.,http://www.grassrootsfootball.co.uk/files/juliandicks_backtograssroots.pdf,players,true,false,2025-09-04 05:29:43 +00:00,2025-09-04 05:29:43 +00:00,anchor,20,false
theviewfromcullingworth.blogspot.com,297,https://theviewfromcullingworth.blogspot.com/search/label/arts%20funding,The View from Cullingworth: arts funding,http://www.grassrootsfootball.co.uk/files/juliandicks_backtograssroots.pdf,players,true,false,2025-09-04 05:25:06 +00:00,2025-09-04 05:25:06 +00:00,anchor,40,false
webscountry.com,296,https://webscountry.com/youtube-for-marketing-124/,YouTube for Marketing-124 | Webs Country,https://grassrootsfootball.co.uk/,grassrootsfootball,true,false,2025-06-22 15:42:52 +00:00,2026-04-27 18:23:51 +00:00,anchor,55,false
theviewfromcullingworth.blogspot.com,296,https://theviewfromcullingworth.blogspot.com/2010/07/some-thoughts-about-arts-funding-and.html,The View from Cullingworth: Some thoughts about arts funding and football,http://www.grassrootsfootball.co.uk/files/juliandicks_backtograssroots.pdf,players,true,false,2023-10-17 16:55:24 +00:00,2025-12-30 09:56:49 +00:00,anchor,25,false
theviewfromcullingworth.blogspot.com,294,https://theviewfromcullingworth.blogspot.com/search/label/performing%20arts,The View from Cullingworth: performing arts,http://www.grassrootsfootball.co.uk/files/juliandicks_backtograssroots.pdf,players,true,false,2025-09-05 23:27:48 +00:00,2025-09-05 23:27:48 +00:00,anchor,20,false
www.odp.org,291,http://www.odp.org/Sports/Soccer/UEFA/England/Coaching,Coaching Web Directory: ODP.org   > Sports    > Soccer    > UEFA    > England    > Coaching    Directory,http://www.grassrootsfootball.co.uk/,Grass Roots Football Show,true,false,2024-04-18 10:55:16 +00:00,2026-05-05 02:53:29 +00:00,anchor,50,false
odp.org,291,http://odp.org/Sports/Soccer/UEFA/England/Coaching,Coaching Web Directory: ODP.org   > Sports    > Soccer    > UEFA    > England    > Coaching    Directory,http://www.grassrootsfootball.co.uk/,Grass Roots Football Show,true,false,2021-04-21 11:22:42 +00:00,2026-04-28 14:35:11 +00:00,anchor,50,false
www.odp.org,289,https://www.odp.org/Sports/Soccer/UEFA/England/Coaching/,Coaching Web Directory: ODP.org   > Top    > Sports    > Soccer    > UEFA    > England    > Coaching    Directory,http://www.grassrootsfootball.co.uk/,Grass Roots Football Show,true,false,2026-08-07 07:54:18 +00:00,2026-08-07 07:54:18 +00:00,anchor,20,false
urls-shortener.eu,289,https://urls-shortener.eu/share/76199,❤️ URL Shared ❤️,https://grassrootsfootball.co.uk/,grassrootsfootball.co.uk,false,false,2026-02-21 01:29:53 +00:00,2026-08-03 16:08:15 +00:00,anchor,50,false
anchorurl.cloud,289,https://anchorurl.cloud/share/76199,❤️ URL Shared ❤️,https://grassrootsfootball.co.uk/,,true,true,2026-02-02 06:43:49 +00:00,2026-07-23 23:55:44 +00:00,anchor,0,false
quero.party,288,https://quero.party/report/76200,👲 Domain Report 👲,https://grassrootsfootball.co.uk/,grassrootsfootball.co.uk,false,false,2026-08-29 10:54:09 +00:00,2026-08-29 10:54:09 +00:00,anchor,50,false
quero.party,288,https://quero.party/report/76199,👲 Domain Report 👲,https://grassrootsfootball.co.uk/,grassrootsfootball.co.uk,false,false,2026-05-31 02:00:27 +00:00,2026-08-27 19:30:39 +00:00,anchor,50,false
anchorurl.cloud,285,https://anchorurl.cloud/share/76200,❤️ URL Shared ❤️,https://grassrootsfootball.co.uk/,grassrootsfootball.co.uk,false,false,2026-07-25 12:00:49 +00:00,2026-09-22 00:11:17 +00:00,anchor,50,false
99backlinksbuy.com,284,https://99backlinksbuy.com/intchuseo/,Directory Pages Index,https://grassrootsfootball.co.uk/,grassrootsfootball,false,false,2026-09-18 09:49:57 +00:00,2026-09-18 09:49:57 +00:00,anchor,65,false
buzzshrink.website,278,https://buzzshrink.website/share/76200,❤️ URL Shared ❤️,https://grassrootsfootball.co.uk/,grassrootsfootball.co.uk,false,false,2026-03-09 04:11:55 +00:00,2026-08-13 11:17:23 +00:00,anchor,50,false
shortenurls.eu,274,https://shortenurls.eu/share/76200,❤️ URL Shared ❤️,https://grassrootsfootball.co.uk/,grassrootsfootball.co.uk,false,false,2026-01-22 18:27:48 +00:00,2026-07-08 05:41:28 +00:00,anchor,50,false
faucre.com,271,https://faucre.com/website-list-1553/,Directory Pages Index,https://grassrootsfootball.co.uk/,grassrootsfootball,true,false,2026-09-18 14:37:47 +00:00,2026-09-18 14:37:47 +00:00,anchor,70,false
backlinktime.com,268,https://backlinktime.com/what-is-seo-search-engine-optimization/,What Is SEO? Search Engine Optimization – BACKLINK TIME,https://grassrootsfootball.co.uk/,grassrootsfootball,true,false,2025-05-28 21:24:16 +00:00,2026-07-29 02:51:18 +00:00,anchor,60,false
screenshots.wiki,258,https://screenshots.wiki/report/76199,👲 Domain Report 👲,https://grassrootsfootball.co.uk/,,true,true,2026-06-23 00:36:41 +00:00,2026-08-18 10:24:59 +00:00,anchor,0,false
hotfri.com,255,https://hotfri.com/website-list-1553/,Directory Pages Index,https://grassrootsfootball.co.uk/,grassrootsfootball,true,false,2026-09-18 15:18:48 +00:00,2026-09-18 15:18:48 +00:00,anchor,70,false
webranksdirectory.com,254,https://webranksdirectory.com/website-list-1553/,Directory Pages Index,https://grassrootsfootball.co.uk/,grassrootsfootball,true,false,2026-09-18 08:07:21 +00:00,2026-09-18 08:07:21 +00:00,anchor,80,false
zomatt.com,253,https://zomatt.com/website-list-1553/,Directory Pages Index,https://grassrootsfootball.co.uk/,grassrootsfootball,true,false,2026-09-18 11:05:32 +00:00,2026-09-18 11:05:32 +00:00,anchor,70,false
yelpad.com,251,https://yelpad.com/website-list-1553/,Directory Pages Index,https://grassrootsfootball.co.uk/,grassrootsfootball,true,false,2026-09-21 02:36:06 +00:00,2026-09-21 02:36:06 +00:00,anchor,70,false
shortenurls.eu,251,https://shortenurls.eu/share/76199,❤️ URL Shared ❤️,https://grassrootsfootball.co.uk/,grassrootsfootball.co.uk,false,false,2026-09-10 23:09:37 +00:00,2026-09-10 23:09:37 +00:00,anchor,50,false
sites.jake.eu,244,https://sites.jake.eu/share/76200,❤️ URL Shared ❤️,https://grassrootsfootball.co.uk/,grassrootsfootball.co.uk,false,false,2026-09-23 13:42:45 +00:00,2026-09-23 13:42:45 +00:00,anchor,50,false
m98ufa.com,244,https://m98ufa.com/all/118/1.html,🏆🏆Boost your Google rankings with Premium PBN & Link Building🏆🏆,https://grassrootsfootball.co.uk/,High Quality Dofollow Backlinks DA 50 PA 40 Premium PBN Network Service grassrootsfootball.co.uk Rank First Page Google Fast SEO Link Building Buy Backlinks Online Cheap,true,false,2026-07-08 13:47:50 +00:00,2026-08-27 00:24:45 +00:00,anchor,75,false
global-rank.pages.dev,231,https://global-rank.pages.dev/02/dCXItRQvPT,Top Global Websites Directory,https://grassrootsfootball.co.uk/,grassrootsfootball.co.uk,false,false,2026-03-18 17:12:36 +00:00,2026-03-18 17:12:36 +00:00,anchor,35,false
skylinkseo.site,230,https://skylinkseo.site/link-building-for-beginners-boost-your-seo-the-right-way/,Link Building for Beginners – Boost Your SEO the Right Way – skylinkseo.site,https://grassrootsfootball.co.uk/,grassrootsfootball,false,false,2026-05-13 20:32:47 +00:00,2026-05-13 20:32:47 +00:00,anchor,50,false
www.sportsister.com,229,http://www.sportsister.com/whats-on/grass-roots-football-show/,Grass Roots Football Show | Sportsister,http://www.grassrootsfootball.co.uk/,www.grassrootsfootball.co.uk,true,false,2025-09-13 04:45:31 +00:00,2025-11-17 11:31:41 +00:00,anchor,40,false
www.sportsister.com,229,http://www.sportsister.com/whats-on/grass-roots-football-show/,Grass Roots Football Show | Sportsister,http://www.grassrootsfootball.co.uk/tickets/,here,true,false,2025-09-13 04:45:31 +00:00,2025-11-17 11:31:41 +00:00,anchor,40,false
linkpointdirectory.com,228,https://linkpointdirectory.com/most-visited-website-list-1553/,Most Visited website list 1553 | Link Point Directory,https://grassrootsfootball.co.uk/,grassrootsfootball,true,false,2026-01-06 08:50:45 +00:00,2026-01-06 08:50:45 +00:00,anchor,65,false
reelmind.ai,226,https://reelmind.ai/blog/uk-football-ai-s-impact-on-match-prediction-and-fan-engagement,UK Football: AI's Impact on Match Prediction and Fan Engagement | ReelMind,https://www.grassrootsfootball.co.uk/,Grassroots Football - Development Resources,true,false,2025-12-08 01:22:55 +00:00,2025-12-08 01:22:55 +00:00,anchor,15,false
www.interalex.net,225,https://www.interalex.net/2013/03/china-football-soccer-news-mar-08-2013.html,"Today: CHINA Football, Soccer News, Mar 08, 2013",http://www.grassrootsfootball.co.uk/,Home » Grass Roots Football,true,false,2023-10-12 12:07:05 +00:00,2025-12-10 06:14:37 +00:00,anchor,5,false
zlutag.com,224,https://zlutag.com/website-list-1553/,Directory Pages Index,https://grassrootsfootball.co.uk/,grassrootsfootball,true,false,2026-09-18 23:52:36 +00:00,2026-09-18 23:52:36 +00:00,anchor,70,false
mantaw.com,222,https://mantaw.com/website-list-1553/,Directory Pages Index,https://grassrootsfootball.co.uk/,grassrootsfootball,true,false,2026-09-18 23:04:26 +00:00,2026-09-18 23:04:26 +00:00,anchor,70,false
fastrankdirectory.com,222,https://fastrankdirectory.com/most-visited-website-list-1553/,Most Visited website list 1553 | Fast Rank Directory,https://grassrootsfootball.co.uk/,grassrootsfootball,true,false,2025-12-19 20:23:39 +00:00,2025-12-19 20:23:39 +00:00,anchor,65,false
o-posts.com,218,https://o-posts.com/teams/uk/manchester-united/overpaid-soccer-players-encourage-discourage-participation-game/,Do Overpaid Football Players Encourage Or Discourage Participation In The Game? - O-Posts,http://www.grassrootsfootball.co.uk/,BBC,true,false,2024-11-12 04:17:25 +00:00,2026-02-04 08:01:40 +00:00,anchor,0,false
dotpim.com,217,https://dotpim.com/website-list-1553/,Directory Pages Index,https://grassrootsfootball.co.uk/,grassrootsfootball,true,false,2026-09-19 00:31:20 +00:00,2026-09-19 00:31:20 +00:00,anchor,70,false
theforbestimes.com,216,https://theforbestimes.com/all/1237/15.html,🏆🏆Boost your Google rankings with Premium PBN & Link Building🏆🏆,https://grassrootsfootball.co.uk/,High Quality Dofollow Backlinks DA 50 PA 40 Premium PBN Network Service grassrootsfootball.co.uk Rank First Page Google Fast SEO Link Building Buy Backlinks Online Cheap,true,false,2026-08-20 23:53:27 +00:00,2026-08-20 23:53:27 +00:00,anchor,60,false
ylutag.com,215,https://ylutag.com/website-list-1553/,Directory Pages Index,https://grassrootsfootball.co.uk/,grassrootsfootball,true,false,2026-09-19 16:18:56 +00:00,2026-09-19 16:18:56 +00:00,anchor,70,false
apsoz.com,212,https://apsoz.com/website-list-1553/,Directory Pages Index,https://grassrootsfootball.co.uk/,grassrootsfootball,true,false,2026-09-18 12:59:52 +00:00,2026-09-18 12:59:52 +00:00,anchor,70,false
www.saintsweb.co.uk,210,https://www.saintsweb.co.uk/topic/19245-simon-clifford/,Simon Clifford - The Saints - SaintsWeb,http://www.grassrootsfootball.co.uk/page.cfm/Action=Seminars/SectorID=1,http://www.grassrootsfootball.co.uk/page.cfm/Action=Seminars/SectorID=1,false,false,2022-11-06 03:36:11 +00:00,2026-08-08 04:38:25 +00:00,anchor,0,false
ready.pro,209,https://ready.pro/stats/76200,✅ Website Stats 📊,https://grassrootsfootball.co.uk/,grassrootsfootball.co.uk,false,false,2026-07-23 07:09:58 +00:00,2026-07-23 07:09:58 +00:00,anchor,50,false
piclur.com,205,https://piclur.com/profile/GRFootball,Grassroots Football #grassrootsfootball @GRFootball - Twitter Profile | Piclur,https://grassrootsfootball.co.uk/,grassrootsfootball.co.uk,false,false,2025-09-30 22:47:32 +00:00,2025-09-30 22:47:32 +00:00,anchor,10,false
betulcrime.com,203,https://betulcrime.com/all/1237/15.html,🏆🏆Boost your Google rankings with Premium PBN & Link Building🏆🏆,https://grassrootsfootball.co.uk/,High Quality Dofollow Backlinks DA 50 PA 40 Premium PBN Network Service grassrootsfootball.co.uk Rank First Page Google Fast SEO Link Building Buy Backlinks Online Cheap,true,false,2026-08-14 17:18:03 +00:00,2026-08-14 17:18:03 +00:00,anchor,60,false
seobacklinkdirectory.com,201,https://seobacklinkdirectory.com/directory-website-list-1553-online-success-84/,Directory website list 1553 – Online Success 84 | Seo Back link Directory,https://grassrootsfootball.co.uk/,grassrootsfootball,true,false,2025-09-13 11:03:06 +00:00,2026-04-12 05:23:09 +00:00,anchor,50,false
www.scottliddell.com,196,https://www.scottliddell.com/2009_10_01_archive.html,Photography and Writing of Scott M. Liddell: October 2009,http://www.grassrootsfootball.co.uk/,grass roots,true,false,2026-04-30 16:05:33 +00:00,2026-06-17 15:42:27 +00:00,anchor,40,false
www.scottliddell.com,194,https://www.scottliddell.com/2009/10/anatomy-of-bottom-rung-football/,The Anatomy of Bottom Rung Football | Scott Liddell,http://www.grassrootsfootball.co.uk/,grass roots,true,false,2026-07-22 17:23:29 +00:00,2026-08-26 05:52:14 +00:00,anchor,0,false
www.scottliddell.com,194,https://www.scottliddell.com/labels/zeitgeist.html,Photography and Writing of Scott M. Liddell,http://www.grassrootsfootball.co.uk/,grass roots,true,false,2026-07-07 09:24:50 +00:00,2026-07-07 09:24:50 +00:00,anchor,60,false
authorityprodirectory.com,189,https://authorityprodirectory.com/directory-website-list-1553/,Directory website list 1553 | Authority Pro Directory,https://grassrootsfootball.co.uk/,grassrootsfootball,true,false,2025-09-22 00:36:31 +00:00,2026-06-19 21:34:20 +00:00,anchor,40,false
forbesstories.com,188,https://forbesstories.com/all/1237/15.html,🏆🏆Boost your Google rankings with Premium PBN & Link Building🏆🏆,https://grassrootsfootball.co.uk/,High Quality Dofollow Backlinks DA 50 PA 40 Premium PBN Network Service grassrootsfootball.co.uk Rank First Page Google Fast SEO Link Building Buy Backlinks Online Cheap,true,false,2026-08-29 01:06:36 +00:00,2026-08-29 01:06:36 +00:00,anchor,60,false
yelpdirectory.com,188,https://yelpdirectory.com/directory-website-list-1553-online-success-84/,Directory website list 1553 – Online Success 84 | Yelp Directory,https://grassrootsfootball.co.uk/,grassrootsfootball,true,false,2025-09-03 19:29:05 +00:00,2026-05-14 13:34:21 +00:00,anchor,30,false
topsiterankdirectory.com,187,https://topsiterankdirectory.com/directory-website-list-1553-online-success-84/,Directory website list 1553 – Online Success 84 | Top Site Rank Directory,https://grassrootsfootball.co.uk/,grassrootsfootball,true,false,2025-09-04 04:08:16 +00:00,2026-04-30 20:10:45 +00:00,anchor,50,false
powerlinkdirectory.com,186,https://powerlinkdirectory.com/directory-website-list-1553-online-success-84/,Directory website list 1553 – Online Success 84 | Power link Directory,https://grassrootsfootball.co.uk/,grassrootsfootball,true,false,2025-10-14 01:13:18 +00:00,2026-05-07 23:15:18 +00:00,anchor,50,false
usaseodirectory.com,186,https://usaseodirectory.com/directory-website-list-1553-online-success-84/,Directory website list 1553 – Online Success 84 | Usa Seo Directory,https://grassrootsfootball.co.uk/,grassrootsfootball,true,false,2025-09-04 03:12:14 +00:00,2026-05-07 10:06:00 +00:00,anchor,40,false
punjab2000.com,171,https://punjab2000.com/knowle-fc-get-visit-from-former-england-manager/,Knowle FC Get Visit from Former England Manager | Punjab2000.com,http://www.grassrootsfootball.co.uk/,www.grassrootsfootball.co.uk,true,false,2025-08-03 14:43:27 +00:00,2026-09-21 15:08:24 +00:00,anchor,50,false
punjab2000.com,171,https://punjab2000.com/graham-taylor-and-robbie-savage-go-back-to-grass-roots/,Graham Taylor and Robbie Savage go back to Grass Roots | Punjab2000.com,http://www.grassrootsfootball.co.uk/,www.grassrootsfootball.co.uk,true,false,2025-08-03 14:44:43 +00:00,2026-09-21 05:06:45 +00:00,anchor,65,false
worldseodirectory.com,168,https://worldseodirectory.com/directory-website-list-1553/,Directory website list 1553 | World Seo Directory,https://grassrootsfootball.co.uk/,grassrootsfootball,true,false,2025-09-07 16:20:44 +00:00,2026-07-16 20:19:19 +00:00,anchor,40,false
daisye.pages.dev,168,https://daisye.pages.dev/09/ZWnyQIGNXM,WEB DIRECTORY,https://grassrootsfootball.co.uk/,grassrootsfootball.co.uk,false,false,2023-10-14 15:23:57 +00:00,2026-05-16 08:49:51 +00:00,anchor,25,false
traffichubdirectory.com,164,https://traffichubdirectory.com/directory-website-list-1553/,Directory website list 1553 | Traffic Hub Directory,https://grassrootsfootball.co.uk/,grassrootsfootball,true,false,2025-09-07 21:19:55 +00:00,2026-04-29 18:32:43 +00:00,anchor,40,false
seo-expert-service.com,163,https://seo-expert-service.com/website-list-1553/,Directory Pages Index,https://grassrootsfootball.co.uk/,grassrootsfootball,true,false,2026-08-20 21:38:19 +00:00,2026-08-20 21:38:19 +00:00,anchor,80,false
thedocmag.com,162,https://thedocmag.com/all/1237/15.html,🏆🏆Boost your Google rankings with Premium PBN & Link Building🏆🏆,https://grassrootsfootball.co.uk/,High Quality Dofollow Backlinks DA 50 PA 40 Premium PBN Network Service grassrootsfootball.co.uk Rank First Page Google Fast SEO Link Building Buy Backlinks Online Cheap,true,false,2026-08-23 01:57:10 +00:00,2026-08-23 01:57:10 +00:00,anchor,60,false
global-ranks.pages.dev,160,https://global-ranks.pages.dev/45/ZWnyQIGNXM,WEB DIRECTORY,https://grassrootsfootball.co.uk/,grassrootsfootball.co.uk,false,false,2023-11-13 06:45:06 +00:00,2026-08-08 07:43:56 +00:00,anchor,35,false
cmocheatsheets.com,156,https://cmocheatsheets.com/all/1237/15.html,🏆🏆Boost your Google rankings with Premium PBN & Link Building🏆🏆,https://grassrootsfootball.co.uk/,High Quality Dofollow Backlinks DA 50 PA 40 Premium PBN Network Service grassrootsfootball.co.uk Rank First Page Google Fast SEO Link Building Buy Backlinks Online Cheap,true,false,2026-08-28 15:18:43 +00:00,2026-08-28 15:18:43 +00:00,anchor,60,false
backlinkboostdirectory.com,156,https://backlinkboostdirectory.com/directory-website-list-1553-online-success-84/,Directory website list 1553 – Online Success 84 | Backlink Boost Directory,https://grassrootsfootball.co.uk/,grassrootsfootball,true,false,2025-08-15 20:41:14 +00:00,2026-06-04 09:05:52 +00:00,anchor,50,false
ahrefs-links.com,155,https://ahrefs-links.com/directory-website-list-1553-online-success-84/,Directory website list 1553 – Online Success 84 | Ahrefs links,https://grassrootsfootball.co.uk/,grassrootsfootball,true,false,2025-10-29 03:35:26 +00:00,2026-05-28 22:13:40 +00:00,anchor,30,false
ufabettererm4.com,150,https://ufabettererm4.com/all/1237/15.html,🏆🏆Boost your Google rankings with Premium PBN & Link Building🏆🏆,https://grassrootsfootball.co.uk/,High Quality Dofollow Backlinks DA 50 PA 40 Premium PBN Network Service grassrootsfootball.co.uk Rank First Page Google Fast SEO Link Building Buy Backlinks Online Cheap,true,false,2026-08-22 02:28:43 +00:00,2026-08-22 02:28:43 +00:00,anchor,60,false
www.usprwire.com,140,http://www.usprwire.com/Detailed/Sport/Sir_Trevor_Brooking_Launches_Grass_Roots_Football_Show_2012_293778.shtml,Sir Trevor Brooking Launches Grass Roots Football Show 2012 | USPRwire,http://www.grassrootsfootball.co.uk/tickets/,http://www.grassrootsfootball.co.uk/tickets/,true,false,2026-01-14 22:27:31 +00:00,2026-06-26 22:17:44 +00:00,anchor,55,false
www.usprwire.com,140,http://www.usprwire.com/Detailed/Sport/Sir_Trevor_Brooking_Launches_Grass_Roots_Football_Show_2012_293778.shtml,Sir Trevor Brooking Launches Grass Roots Football Show 2012 | USPRwire,http://www.grassrootsfootball.co.uk/,www.grassrootsfootball.co.uk,true,false,2026-01-14 22:27:31 +00:00,2026-06-26 22:17:44 +00:00,anchor,55,false
global-website.pages.dev,137,https://global-website.pages.dev/09/tdhyKcArUT,Top Global Websites Directory,https://grassrootsfootball.co.uk/,grassrootsfootball.co.uk,false,false,2023-11-14 06:12:25 +00:00,2026-05-26 14:40:54 +00:00,anchor,35,false
global-website.pages.dev,137,https://global-website.pages.dev/02/dCXItRQvPT,Top Global Websites Directory,https://grassrootsfootball.co.uk/,grassrootsfootball.co.uk,false,false,2023-11-13 18:12:37 +00:00,2026-05-26 03:21:07 +00:00,anchor,35,false
linkboostdirectory.com,130,https://linkboostdirectory.com/directory-website-list-1553/,Directory website list 1553 | Link Boost Directory,https://grassrootsfootball.co.uk/,grassrootsfootball,true,false,2025-09-07 19:13:43 +00:00,2026-06-23 09:33:27 +00:00,anchor,40,false
archive-hu.com,127,https://archive-hu.com/all/1237/15.html,🏆🏆Boost your Google rankings with Premium PBN & Link Building🏆🏆,https://grassrootsfootball.co.uk/,High Quality Dofollow Backlinks DA 50 PA 40 Premium PBN Network Service grassrootsfootball.co.uk Rank First Page Google Fast SEO Link Building Buy Backlinks Online Cheap,true,false,2026-08-25 02:02:02 +00:00,2026-08-25 02:02:02 +00:00,anchor,60,false
quotesblom.com,126,https://quotesblom.com/all/1237/15.html,🏆🏆Boost your Google rankings with Premium PBN & Link Building🏆🏆,https://grassrootsfootball.co.uk/,High Quality Dofollow Backlinks DA 50 PA 40 Premium PBN Network Service grassrootsfootball.co.uk Rank First Page Google Fast SEO Link Building Buy Backlinks Online Cheap,true,false,2026-08-22 23:14:12 +00:00,2026-08-22 23:14:12 +00:00,anchor,60,false
www.betwinnermirror.com,125,https://www.betwinnermirror.com/all/1237/15.html,🏆🏆Boost your Google rankings with Premium PBN & Link Building🏆🏆,https://grassrootsfootball.co.uk/,High Quality Dofollow Backlinks DA 50 PA 40 Premium PBN Network Service grassrootsfootball.co.uk Rank First Page Google Fast SEO Link Building Buy Backlinks Online Cheap,true,false,2026-08-19 11:43:30 +00:00,2026-08-19 11:43:30 +00:00,anchor,70,false
allistingdirectory.com,123,https://allistingdirectory.com/directory-website-list-1553/,Directory website list 1553 | All Listing Drectory,https://grassrootsfootball.co.uk/,grassrootsfootball,true,false,2026-03-10 11:36:24 +00:00,2026-08-25 06:21:37 +00:00,anchor,40,false
www.statc.co.uk,119,https://www.statc.co.uk/www.grassrootsfootball.co.uk,"www.grassrootsfootball.co.uk - Gloucester, England, United Kingdom - Grassrootsfootball (88.208.205.253)",https://www.grassrootsfootball.co.uk/,//www.grassrootsfootball.co.uk,false,false,2024-11-25 17:03:13 +00:00,2025-09-13 17:58:12 +00:00,anchor,25,false
primecompanydirectory.com,109,https://primecompanydirectory.com/directory-website-list-1553-online-success-84/,Directory website list 1553 – Online Success 84 | Prime company Directory,https://grassrootsfootball.co.uk/,grassrootsfootball,true,false,2026-03-15 13:16:39 +00:00,2026-07-08 16:31:15 +00:00,anchor,50,false
seotrafficdirectory.com,103,https://seotrafficdirectory.com/directory-website-list-1553/,Directory website list 1553 | Seo Traffic Directory,https://grassrootsfootball.co.uk/,grassrootsfootball,true,false,2025-09-07 23:40:26 +00:00,2026-07-17 03:42:53 +00:00,anchor,40,false
backlinks-seorank.com,101,https://backlinks-seorank.com/premium-link-building-results-time-dr-da-7336/,"Build Premium Backlinks to Increase Domain Rating, Domain Authority & Search Rankings, and build high-quality, premium backlinks – My Blog",https://grassrootsfootball.co.uk/,Reliable SEO service that helped improve my website visibility..uk,false,false,2026-01-25 02:45:38 +00:00,2026-01-25 02:45:38 +00:00,anchor,60,false
techbumppy.com,99,https://techbumppy.com/all/1237/15.html,🏆🏆Boost your Google rankings with Premium PBN & Link Building🏆🏆,https://grassrootsfootball.co.uk/,High Quality Dofollow Backlinks DA 50 PA 40 Premium PBN Network Service grassrootsfootball.co.uk Rank First Page Google Fast SEO Link Building Buy Backlinks Online Cheap,true,false,2026-09-01 06:02:20 +00:00,2026-09-01 06:02:20 +00:00,anchor,60,false
businesslistingportal.com,99,https://businesslistingportal.com/directory-website-list-1553-online-success-84/,Directory website list 1553 – Online Success 84 | Business Listing Portal,https://grassrootsfootball.co.uk/,grassrootsfootball,true,false,2026-03-04 20:24:23 +00:00,2026-07-28 22:10:50 +00:00,anchor,50,false
linkmetrics.pro,97,https://linkmetrics.pro/visit-our-agency-for-proven-backlink-solutions-338/,"One moment, please...",https://grassrootsfootball.co.uk/,,true,true,2025-09-25 11:12:34 +00:00,2025-12-19 17:54:38 +00:00,anchor,0,false
eliterankdirectory.com,95,https://eliterankdirectory.com/directory-website-list-1553-online-success-84/,Directory website list 1553 – Online Success 84 | Elite Rank Directory,https://grassrootsfootball.co.uk/,grassrootsfootball,true,false,2026-06-18 23:07:51 +00:00,2026-07-22 22:30:12 +00:00,anchor,50,false
global-websites.pages.dev,89,https://global-websites.pages.dev/45/ZWnyQIGNXM,WEB DIRECTORY,https://grassrootsfootball.co.uk/,grassrootsfootball.co.uk,false,false,2023-11-30 22:56:54 +00:00,2026-06-07 06:43:57 +00:00,anchor,35,false
www.goosemoor-lane.com,82,https://www.goosemoor-lane.com/games.htm,Goosemoor Lane - Fun/Games,http://www.grassrootsfootball.co.uk/,www.grassrootsfootball.co.uk,true,false,2023-03-23 04:26:26 +00:00,2026-04-29 23:49:22 +00:00,anchor,60,false
mediaboooster.com,76,https://mediaboooster.com/all/1237/15.html,🏆🏆Boost your Google rankings with Premium PBN & Link Building🏆🏆,https://grassrootsfootball.co.uk/,High Quality Dofollow Backlinks DA 50 PA 40 Premium PBN Network Service grassrootsfootball.co.uk Rank First Page Google Fast SEO Link Building Buy Backlinks Online Cheap,true,false,2026-09-01 18:03:18 +00:00,2026-09-01 18:03:18 +00:00,anchor,60,false
www.thinkfitness.net,69,https://www.thinkfitness.net/grassroots/grassroots-live-2010,Think Fitness - Grassroots LIVE 2010,http://www.grassrootsfootball.co.uk/,website,true,false,2024-12-21 01:20:24 +00:00,2026-08-02 14:15:54 +00:00,anchor,25,false
globalrankdirectory.com,66,https://globalrankdirectory.com/directory-website-list-1553/,Directory website list 1553 | Global Rank Directory,https://grassrootsfootball.co.uk/,grassrootsfootball,true,false,2025-09-08 01:32:02 +00:00,2026-06-21 16:58:20 +00:00,anchor,40,false
www.kernelpanicpodcast.com,65,https://www.kernelpanicpodcast.com/all/1237/15.html,🏆🏆Boost your Google rankings with Premium PBN & Link Building🏆🏆,https://grassrootsfootball.co.uk/,High Quality Dofollow Backlinks DA 50 PA 40 Premium PBN Network Service grassrootsfootball.co.uk Rank First Page Google Fast SEO Link Building Buy Backlinks Online Cheap,true,false,2026-09-23 05:55:50 +00:00,2026-09-23 05:55:50 +00:00,anchor,70,false
seodirectorypro.com,61,https://seodirectorypro.com/directory-website-list-1553/,Directory website list 1553 | Seo Directory Pro,https://grassrootsfootball.co.uk/,grassrootsfootball,true,false,2025-12-22 00:11:22 +00:00,2026-09-02 00:04:41 +00:00,anchor,30,false
plumeriamarketing.com,56,https://plumeriamarketing.com/all/118/1.html,🏆🏆Boost your Google rankings with Premium PBN & Link Building🏆🏆,https://grassrootsfootball.co.uk/,High Quality Dofollow Backlinks DA 50 PA 40 Premium PBN Network Service grassrootsfootball.co.uk Rank First Page Google Fast SEO Link Building Buy Backlinks Online Cheap,true,false,2026-07-08 02:15:48 +00:00,2026-07-08 02:15:48 +00:00,anchor,70,false
wsoik.blogspot.com,54,http://wsoik.blogspot.com/2011/05/feb-eric-wolford-mcdonalds.html,kris humphries: feb eric wolford Mcdonalds,http://www.grassrootsfootball.co.uk/pix/eh.jpg,,true,false,2023-11-04 13:05:41 +00:00,2025-11-21 10:41:55 +00:00,image,40,false
ggmap.us.com,52,https://ggmap.us.com/all/1237/15.html,🏆🏆Boost your Google rankings with Premium PBN & Link Building🏆🏆,https://grassrootsfootball.co.uk/,High Quality Dofollow Backlinks DA 50 PA 40 Premium PBN Network Service grassrootsfootball.co.uk Rank First Page Google Fast SEO Link Building Buy Backlinks Online Cheap,true,false,2026-08-03 09:56:25 +00:00,2026-08-03 09:56:25 +00:00,anchor,60,false
dupurgeniefr.com,41,https://dupurgeniefr.com/all/1237/15.html,🏆🏆Boost your Google rankings with Premium PBN & Link Building🏆🏆,https://grassrootsfootball.co.uk/,High Quality Dofollow Backlinks DA 50 PA 40 Premium PBN Network Service grassrootsfootball.co.uk Rank First Page Google Fast SEO Link Building Buy Backlinks Online Cheap,true,false,2026-09-10 21:41:22 +00:00,2026-09-10 21:41:22 +00:00,anchor,60,false
ready.pro,31,https://ready.pro/stats/76199,"One moment, please...",https://grassrootsfootball.co.uk/,,true,true,2026-01-29 11:50:54 +00:00,2026-05-27 16:39:32 +00:00,anchor,0,false
sportspsychologisttoday.blogspot.com,22,http://sportspsychologisttoday.blogspot.com/2011/07/sports-psychologist-phil-jackson.html,Sports Psychologist: Sports Psychologist Phil Jackson,http://www.grassrootsfootball.co.uk/assets/Downloads/FATheatre10.pdf,THE FA THEATRETHE FA THEATRE,true,false,2023-10-11 21:38:54 +00:00,2025-12-02 07:13:50 +00:00,anchor,25,false
sportspsychologisttoday.blogspot.com,22,http://sportspsychologisttoday.blogspot.com/2012/07/charlotte-sports-psychologist.html,Sports Psychologist: Charlotte Sports Psychologist,http://www.grassrootsfootball.co.uk/assets/Downloads/FATheatre10.pdf,THE FA THEATRETHE FA THEATRE,true,false,2023-11-03 08:11:30 +00:00,2025-12-02 07:12:06 +00:00,anchor,25,false
homesforsaleoldgreenwichct.com,21,https://homesforsaleoldgreenwichct.com/all/1237/15.html,🏆🏆Boost your Google rankings with Premium PBN & Link Building🏆🏆,https://grassrootsfootball.co.uk/,High Quality Dofollow Backlinks DA 50 PA 40 Premium PBN Network Service grassrootsfootball.co.uk Rank First Page Google Fast SEO Link Building Buy Backlinks Online Cheap,true,false,2026-08-13 15:07:18 +00:00,2026-09-20 19:11:03 +00:00,anchor,70,false
bestnz-poker-casinoslot.com,17,https://bestnz-poker-casinoslot.com/all/1237/15.html,🏆🏆Boost your Google rankings with Premium PBN & Link Building🏆🏆,https://grassrootsfootball.co.uk/,High Quality Dofollow Backlinks DA 50 PA 40 Premium PBN Network Service grassrootsfootball.co.uk Rank First Page Google Fast SEO Link Building Buy Backlinks Online Cheap,true,false,2026-08-26 12:49:47 +00:00,2026-08-26 12:49:47 +00:00,anchor,70,false
uncledspizza.com,16,https://uncledspizza.com/all/1237/15.html,🏆🏆Boost your Google rankings with Premium PBN & Link Building🏆🏆,https://grassrootsfootball.co.uk/,High Quality Dofollow Backlinks DA 50 PA 40 Premium PBN Network Service grassrootsfootball.co.uk Rank First Page Google Fast SEO Link Building Buy Backlinks Online Cheap,true,false,2026-08-24 23:54:57 +00:00,2026-08-24 23:54:57 +00:00,anchor,60,false
plurio.shop,1,https://plurio.shop/all/365/21.html,🏆🏆Boost your Google rankings with Premium PBN & Link Building🏆🏆,https://grassrootsfootball.co.uk/,High Quality Dofollow Backlinks DA 50 PA 40 Premium PBN Network Service grassrootsfootball.co.uk Rank First Page Google Fast SEO Link Building Buy Backlinks Online Cheap,true,false,2026-08-26 14:32:08 +00:00,2026-08-26 14:32:08 +00:00,anchor,60,false
cvillico.com,0,https://cvillico.com/all/1237/15.html,🏆🏆Boost your Google rankings with Premium PBN & Link Building🏆🏆,https://grassrootsfootball.co.uk/,High Quality Dofollow Backlinks DA 50 PA 40 Premium PBN Network Service grassrootsfootball.co.uk Rank First Page Google Fast SEO Link Building Buy Backlinks Online Cheap,true,false,2026-09-20 17:50:05 +00:00,2026-09-20 17:50:05 +00:00,anchor,60,false
fashionclothingnews.com,0,https://fashionclothingnews.com/all/1237/15.html,🏆🏆Boost your Google rankings with Premium PBN & Link Building🏆🏆,https://grassrootsfootball.co.uk/,High Quality Dofollow Backlinks DA 50 PA 40 Premium PBN Network Service grassrootsfootball.co.uk Rank First Page Google Fast SEO Link Building Buy Backlinks Online Cheap,true,false,2026-08-28 20:21:24 +00:00,2026-08-28 20:21:24 +00:00,anchor,70,false
clifflisting.com,0,https://clifflisting.com/all/1237/15.html,🏆🏆Boost your Google rankings with Premium PBN & Link Building🏆🏆,https://grassrootsfootball.co.uk/,High Quality Dofollow Backlinks DA 50 PA 40 Premium PBN Network Service grassrootsfootball.co.uk Rank First Page Google Fast SEO Link Building Buy Backlinks Online Cheap,true,false,2026-08-28 08:58:13 +00:00,2026-08-28 08:58:13 +00:00,anchor,60,false
www.mailbat.com,0,https://www.mailbat.com/company/grassrootsfootball.co.uk,grassroots football live limited Information & Email | MailBat,https://grassrootsfootball.co.uk/,Grassrootsfootball.co.uk,false,false,2025-04-10 02:20:49 +00:00,2026-07-01 21:33:26 +00:00,anchor,40,false
enterprisedirectoryhub.com,0,https://enterprisedirectoryhub.com/directory-website-list-1553-online-success-84/,Directory website list 1553 – Online Success 84 | Enter Prise Directory Hub,https://grassrootsfootball.co.uk/,grassrootsfootball,true,false,2026-03-22 06:36:25 +00:00,2026-03-22 06:36:25 +00:00,anchor,50,false
footballfanscensus.blogspot.com,0,http://footballfanscensus.blogspot.com/,The Football Fans Census Blog,http://www.grassrootsfootball.co.uk/,BMRB Grass Roots Football Live,true,false,2023-10-12 02:03:54 +00:00,2025-12-28 10:10:12 +00:00,anchor,80,false
footballfanscensus.blogspot.com,0,http://footballfanscensus.blogspot.com/2010/06/drillboard-ffc-grass-roots-football.html,The Football Fans Census: DrillBoard: FFC Grass Roots Football LIVE Survey Blog,http://www.grassrootsfootball.co.uk/,www.grassrootsfootball.co.uk,true,false,2023-10-12 19:23:40 +00:00,2025-12-28 10:10:04 +00:00,anchor,80,false
footballfanscensus.blogspot.com,0,http://footballfanscensus.blogspot.com/2012/04/fa-skills-interview.html,The Football Fans Census: FA Skills Interview Blog,http://www.grassrootsfootball.co.uk/,BMRB Grass Roots Football Live,true,false,2023-10-12 19:03:45 +00:00,2025-12-28 10:08:43 +00:00,anchor,70,false
footballfanscensus.blogspot.com,0,http://footballfanscensus.blogspot.com/2009/04/ffc-news-grass-roots-football-live.html,The Football Fans Census: FFC News: Grass Roots Football Live Hatrick and Offer Blog,http://www.grassrootsfootball.co.uk/,Grass Roots Football Live,true,false,2023-10-12 18:21:54 +00:00,2025-12-28 10:05:58 +00:00,anchor,75,false
footballislifetherestisjustdetails.blogspot.com,0,http://footballislifetherestisjustdetails.blogspot.com/,"Football is life, the rest is just details",http://www.grassrootsfootball.co.uk/,Grassroots Live,true,false,2024-04-17 16:21:44 +00:00,2025-11-20 03:53:06 +00:00,anchor,55,false
footballislifetherestisjustdetails.blogspot.com,0,http://footballislifetherestisjustdetails.blogspot.com/2011/06/,"Football is life, the rest is just details: June 2011",http://www.grassrootsfootball.co.uk/,Grassroots Live,true,false,2024-04-18 05:04:32 +00:00,2025-11-20 03:52:50 +00:00,anchor,50,false
footballislifetherestisjustdetails.blogspot.com,0,http://footballislifetherestisjustdetails.blogspot.com/2011/,"Football is life, the rest is just details: 2011",http://www.grassrootsfootball.co.uk/,Grassroots Live,true,false,2024-04-18 05:03:26 +00:00,2025-11-20 03:52:46 +00:00,anchor,55,false
footballislifetherestisjustdetails.blogspot.com,0,http://footballislifetherestisjustdetails.blogspot.com/2011/06/role-models-in-football.html,"Football is life, the rest is just details: Role Models in Football?",http://www.grassrootsfootball.co.uk/,Grassroots Live,true,false,2024-04-18 05:00:18 +00:00,2025-10-28 20:22:30 +00:00,anchor,35,false
