domain,verdict,newest_date,oldest_date,keywords_seen,best_rank,pages_checked,unknown_pages,acquirable,sample_url,keywords
footballdna.co.uk,stale,2024-09-09,2024-09-09,5,2,4,3,true,https://footballdna.co.uk/,grassroots football app | football coach app | best football coaching apps | equal playing time football | grassroots football coaching
soccertutor.com,stale,2024-09-19,2024-09-19,2,16,2,0,true,https://www.soccertutor.com/collections/coaching-software?srsltid=AU7gw4XlWRVqDfgCD1dZgLi65qS_ebRLcwuiuseVAVVXB3YIppuNIxIk,football coach app | best football coaching apps
fpromat.com,stale,2024-03-13,2024-03-13,2,22,3,0,true,https://fpromat.com/blogs/news/10-best-football-training-apps-for-coaches?srsltid=AU7gw4VLRvYzTO2S78NoEIM33aM8LTcexD2f5sM3joQTnd_d0egU7iLJ,football coach app | best football coaching apps
footballxg.com,stale,2021-05-18,2021-05-18,1,7,1,0,true,https://footballxg.com/2020/05/24/stats-spreadsheet-guide/,football team spreadsheet
content.thecoachingmanual.com,stale,2019-09-27,2019-09-27,1,9,1,0,true,https://content.thecoachingmanual.com/blog/best-soccer-coaching-apps,best football coaching apps
sheffieldfa.freshdesk.com,stale,2023-11-16,2023-11-16,1,9,1,0,true,https://sheffieldfa.freshdesk.com/support/solutions/articles/76000060364-how-to-plan-equal-playing-time-calculating-minutes-,equal playing time football
scoremorefm.wordpress.com,stale,2023-07-11,2023-07-11,1,9,1,0,true,https://scoremorefm.wordpress.com/2018/12/15/team-management-through-spreadsheets-1/,football team spreadsheet
davethespreadsheetguy.wordpress.com,stale,2020-06-10,2020-06-10,1,15,1,0,true,https://davethespreadsheetguy.wordpress.com/sports-league-table/,football team spreadsheet
spreadsheetpage.com,stale,2024-03-28,2024-03-28,1,24,2,0,true,https://spreadsheetpage.com/sport/,football team spreadsheet
mrexcel.com,stale,2011-09-08,2011-09-08,1,25,1,0,true,https://www.mrexcel.com/board/threads/creating-football-stats-database-in-excel.577620/,football team spreadsheet
phoenixyouthfc.com,stale,2023-06-26,2023-06-26,1,26,1,0,true,https://www.phoenixyouthfc.com/the-rhubarb--custard---updates/equal-playing-time,equal playing time football
coachesontario.ca,stale,2020-04-14,2020-04-14,1,30,1,0,true,https://www.coachesontario.ca/articles/equal-playing-time/,equal playing time football
templaterepublic.com,stale,2023-01-30,2023-01-30,1,30,1,0,true,https://templaterepublic.com/sports/soccer-stats-spreadsheet/,football team spreadsheet
thecoacheslink.com,stale,2022-08-11,2022-08-11,1,35,1,0,true,https://www.thecoacheslink.com/grassrootsfootball-uk/,grassroots football
1stplace4trophies.co.uk,stale,2021-04-06,2021-04-06,1,40,1,0,true,https://1stplace4trophies.co.uk/blog/grassroots-football-and-its-roots/,grassroots football
trustedcoaches.mystagingwebsite.com,stale,2023-10-11,2023-10-11,1,41,1,0,true,https://trustedcoaches.mystagingwebsite.com/how-to-balance-playing-time-as-a-youth-coach/,equal playing time football
anytime-soccer.com,stale,2024-03-31,2024-03-31,1,44,1,0,true,https://www.anytime-soccer.com/blog/7-best-soccer-coaching-apps,best football coaching apps
bu1sport.com,stale,2024-05-15,2024-05-15,1,44,1,0,true,https://bu1sport.com/blogs/magazine/grassroots-football-what-is-it-and-what-are-its-principles,grassroots football
learn.microsoft.com,stale,2021-08-27,2021-08-27,1,49,1,0,true,https://learn.microsoft.com/en-us/answers/questions/5137254/team-sport-equal-game-time-and-position-calculator,equal playing time football
soccercoachingpro.com,stale,2021-07-16,2021-07-16,1,50,1,0,true,https://www.soccercoachingpro.com/soccer-statistics-spreadsheet/,football team spreadsheet
leaguenetwork.com,stale,2019-02-08,2019-02-08,1,52,1,0,true,https://leaguenetwork.com/equal-playing-time/,equal playing time football
fcbusiness.co.uk,stale,2024-05-15,2024-05-15,1,54,1,0,true,https://fcbusiness.co.uk/news/from-grassroots-to-glory-the-pathway-to-professional-football-in-the-uk/,grassroots football
eachgameasitcomes.com,stale,2018-04-29,2018-04-29,1,57,1,0,true,https://eachgameasitcomes.com/top-ten-apps-software-for-coaching-soccer/,best football coaching apps
igeeksoccer.com,stale,2020-07-03,2020-07-03,1,58,1,0,true,https://igeeksoccer.com/best-soccer-training-apps/,best football coaching apps
howtofootballbyray.com,stale,2024-02-29,2024-02-29,1,61,1,0,true,https://howtofootballbyray.com/best-soccer-training-apps/,best football coaching apps
soccercoach65.weebly.com,stale,2018-12-13,2018-12-13,1,68,1,0,true,https://soccercoach65.weebly.com/jorges-blog-posts/equal-playing-time-and-youth-sport,equal playing time football
theleisuresociety.co.uk,stale,2023-12-01,2023-12-01,1,68,1,0,true,https://www.theleisuresociety.co.uk/grassroots-football-explained/,grassroots football
footy4kids.co.uk,stale,2019-12-03,2019-12-03,1,71,1,0,true,https://www.footy4kids.co.uk/how-to-coach-youth-soccer/player-management/allocating-playing-time/,equal playing time football
footballcollective.org.uk,stale,2023-10-10,2023-10-10,1,92,1,0,true,https://footballcollective.org.uk/general/what-is-grassroots-football-how-important-is-it-to-the-game/,grassroots football
thefa.com,stale,2022-08-16,2016-10-07,4,2,13,9,false,https://www.thefa.com/competitions/grassroots,grassroots football app | equal playing time football | grassroots football coaching | grassroots football
learn.englandfootball.com,stale,2023-07-05,2022-09-21,3,2,7,5,false,https://learn.englandfootball.com/courses,equal playing time football | grassroots football coaching | grassroots football
community.thefa.com,stale,2023-06-08,2022-07-03,1,17,2,0,false,https://community.thefa.com/coaching/f/youth-club-football-forum/3132/when-does-been-fare-and-equal-time-become-an-issue,equal playing time football
linkedin.com,stale,2019-10-06,2019-10-06,1,37,1,0,false,https://www.linkedin.com/pulse/football-data-template-excel-munho-jung,football team spreadsheet
teamstats.net,fresh,2026-09-14,2026-03-27,6,16,16,4,true,https://www.teamstats.net/leagues,grassroots football app | football coach app | best football coaching apps | equal playing time football | grassroots football coaching | grassroots football
play.google.com,fresh,2026-09-22,2018-04-25,5,3,43,0,true,https://play.google.com/store/apps/details?id=com.bluelinden.coachboard&hl=en_GB,grassroots football app | football coach app | best football coaching apps | grassroots football coaching | grassroots football
thrive4grassroots.com,fresh,2026-08-06,2026-07-21,5,18,3,0,true,https://thrive4grassroots.com/blog/six-of-the-best-football-coaching-and-tactics-software-to-try-in-2026/,grassroots football app | football coach app | best football coaching apps | grassroots football coaching | grassroots football
grassrootsfootballuk.com,unknown,,,4,5,6,6,true,https://www.grassrootsfootballuk.com/grassroots-football-football-data-system-matchday-teamsheet-how-it-works/,grassroots football app | grassroots football coaching | football team spreadsheet | grassroots football
teamgrassroots.co.uk,fresh,2025-02-22,2025-02-22,3,1,11,10,true,https://www.teamgrassroots.co.uk/,equal playing time football | grassroots football coaching | grassroots football
apps.apple.com,fresh,2026-09-14,2020-09-20,3,2,6,0,true,https://apps.apple.com/gb/app/matchday-by-england-football/id1401913451,grassroots football app | football coach app | best football coaching apps
sportplan.net,fresh,2026-06-18,2026-06-18,3,7,2,1,true,https://www.sportplan.net/drills/Football/Football-Coaching-App.jsp,grassroots football app | football coach app | best football coaching apps
thesoccerstore.co.uk,fresh,2025-05-16,2025-05-15,3,15,3,0,true,https://www.thesoccerstore.co.uk/blog/football-coaching/8-top-tips-for-becoming-a-grassroots-football-coach-for-children/,football coach app | best football coaching apps | grassroots football coaching
juniorgrassrootshub.com,fresh,2026-07-25,2026-07-25,3,17,9,7,true,https://www.juniorgrassrootshub.com/partners?category=Software,grassroots football app | grassroots football coaching | grassroots football
coachbetter.com,unknown,,,2,4,1,1,true,https://www.coachbetter.com/,football coach app | best football coaching apps
easy2coach.net,fresh,2026-07-03,2026-07-03,2,5,1,0,true,https://www.easy2coach.net/en/,football coach app | best football coaching apps
amateur-fa.com,unknown,,,2,7,2,2,true,https://www.amateur-fa.com/coach/matchday,grassroots football app | grassroots football coaching
fdm.usafootball.com,unknown,,,2,7,1,1,true,https://fdm.usafootball.com/coaches/coach-resources/coach-planner-app,football coach app | best football coaching apps
londonfa.com,unknown,,,2,7,2,2,true,https://www.londonfa.com/coaches,grassroots football coaching | grassroots football
spond.com,fresh,2025-02-03,2024-12-20,2,9,3,0,true,https://www.spond.com/news-and-blog/top-5-grassroots-football-team-apps/,grassroots football app | best football coaching apps
firstwhistle.app,fresh,2026-01-03,2026-01-03,3,30,1,0,true,https://firstwhistle.app/best-football-management-apps-for-2026/,grassroots football app | football coach app | best football coaching apps
bcoach.app,fresh,2026-08-27,2026-08-27,2,11,1,0,true,https://bcoach.app/en/best-apps-for-football-coaches/,football coach app | best football coaching apps
vantasports.ai,fresh,2026-05-03,2026-05-03,2,11,1,0,true,https://www.vantasports.ai/blog/the-12-best-football-apps-for-coaches-to-elevate-your-team-in-2026,football coach app | best football coaching apps
gorout.com,fresh,2026-06-16,2026-06-16,2,13,1,0,true,https://gorout.com/football-coaching-apps/,football coach app | best football coaching apps
squadd.co.uk,fresh,2026-09-08,2026-09-07,2,15,2,0,true,https://www.squadd.co.uk/blog/best-football-team-management-apps,grassroots football app | equal playing time football
ertheo.com,fresh,2026-09-14,2025-09-16,3,35,3,0,true,https://www.ertheo.com/blog/en/best-soccer-training-apps,football coach app | best football coaching apps | grassroots football coaching
ballrz.app,fresh,2026-09-11,2026-06-01,2,16,3,1,true,https://ballrz.app/,grassroots football app | grassroots football coaching
profootballcoaching.com,unknown,,,2,17,1,1,true,https://profootballcoaching.com/blog/top-10-coaching-apps-every-coach-should-try,football coach app | best football coaching apps
the-football-hub.org,fresh,2026-08-20,2026-08-20,2,19,1,0,true,https://www.the-football-hub.org/post/football-management-apps-which-one,football coach app | best football coaching apps
mingle.sport,fresh,2025-09-04,2024-01-02,2,21,3,0,true,https://mingle.sport/blog/best-apps-for-your-grassroots-football-team/,grassroots football app | equal playing time football
youcoach.com,unknown,,,2,21,1,1,true,https://www.youcoach.com/pages/youcoach_home,football coach app | best football coaching apps
playingtimecalculator.com,unknown,,,1,2,3,3,true,https://www.playingtimecalculator.com/,equal playing time football
etsy.com,unknown,,,1,2,21,21,true,https://www.etsy.com/uk/market/football_spreadsheet,football team spreadsheet
templates.openoffice.org,unknown,,,1,4,1,1,true,https://templates.openoffice.org/en/template/football-league-spreadsheet-team-charts.html,football team spreadsheet
fifatrainingcentre.com,unknown,,,1,5,1,1,true,https://www.fifatrainingcentre.com/en/practice/grassroots.php,grassroots football coaching
fcd.football,fresh,2026-02-28,2026-02-28,2,26,2,1,true,https://fcd.football/category/coaching-apps?sort=newest,football coach app | best football coaching apps
goalstation.com,fresh,2026-03-17,2026-03-17,2,26,1,0,true,https://goalstation.com/blogs/magazine/5-best-football-training-apps-for-players-and-coaches-in-2026,football coach app | best football coaching apps
launtonfc.co.uk,unknown,,,1,6,1,1,true,https://www.launtonfc.co.uk/equal-fair-playing-time,equal playing time football
open.spotify.com,fresh,2026-04-17,2026-04-17,1,8,2,1,true,https://open.spotify.com/show/581uGNMDBrjrzJMnA6XRcz,grassroots football coaching
onlybarnet.com,unknown,,,1,8,1,1,true,https://www.onlybarnet.com/bfcsa/spreadsheet/index.htm,football team spreadsheet
diamondfootball.com,unknown,,,1,8,3,3,true,https://diamondfootball.com/news/3765/what-is-grassroots-football?srsltid=AU7gw4VgosXClppIye6osE81EpJ7k1uK3itDV4-REH9C_mcwuFvuAEDd,grassroots football
coachingapps.ch,fresh,2024-12-02,2024-12-02,2,30,1,0,true,https://www.coachingapps.ch/en/home-en/,football coach app | best football coaching apps
jonerfootball.com,unknown,,,1,10,1,1,true,https://jonerfootball.com/app/,best football coaching apps
somersetfa.com,unknown,,,1,10,1,1,true,https://www.somersetfa.com/coaches/even-stevens,equal playing time football
chase.co.uk,unknown,,,1,10,1,1,true,https://www.chase.co.uk/gb/en/chase-football-coaching-programme/,grassroots football coaching
footballfoundation.org.uk,unknown,,,1,10,2,2,true,https://footballfoundation.org.uk/,grassroots football
personalisedsports.com,unknown,,,1,11,1,1,true,https://www.personalisedsports.com/page/top-tips-for-grassroot-football-coaches,grassroots football coaching
thecoachdiary.com,fresh,2026-03-28,2026-03-28,1,13,1,0,true,https://www.thecoachdiary.com/equal-game-time-is-important-in-the-development-of-young-players-pa-curran/,equal playing time football
apps.microsoft.com,unknown,,,1,14,1,1,true,https://apps.microsoft.com/detail/9wzdncrdg6bp,football coach app
footballnsw.com.au,fresh,2026-05-19,2026-05-19,1,14,1,0,true,https://footballnsw.com.au/2025/06/05/how-to-ensure-equal-playing-time-within-your-team/,equal playing time football
spreadsheet-library.co.uk,unknown,,,1,14,1,1,true,https://www.spreadsheet-library.co.uk/templates-tools/sport/football-league-administration/,football team spreadsheet
ucfb.ac.uk,fresh,2024-12-04,2024-12-04,1,14,1,0,true,https://www.ucfb.ac.uk/news/the-importance-of-grassroots-football-and-its-continued-growth/,grassroots football
coachamigo.com,fresh,2026-06-12,2026-06-12,1,16,1,0,true,https://www.coachamigo.com/updates/best-football-app-for-coaches-and-trainers-2026-comparison/,best football coaching apps
belnorth.com,unknown,,,1,16,1,1,true,https://belnorth.com/fairgt/,equal playing time football
elitegrassroots.co.uk,unknown,,,1,17,1,1,true,https://www.elitegrassroots.co.uk/,grassroots football coaching
template.net,fresh,2026-01-07,2026-01-07,1,17,2,1,true,https://www.template.net/business/sheet-templates/football-team-sheet-template/,football team spreadsheet
sports-tours.co.uk,fresh,2025-07-23,2025-07-23,1,17,1,0,true,https://www.sports-tours.co.uk/blog/why-is-grassroots-football-important/,grassroots football
pitch1.net,unknown,,,1,18,1,1,true,https://pitch1.net/grassroots_football_app.php,grassroots football app
grfc.grassrootsfc.co.uk,unknown,,,1,18,1,1,true,https://grfc.grassrootsfc.co.uk/,grassroots football
fairplayfc.co.uk,fresh,2026-05-14,2026-05-14,1,19,1,0,true,https://fairplayfc.co.uk/,grassroots football app
playerdevelopmentproject.com,fresh,2026-04-13,2024-01-22,1,19,2,0,true,https://playerdevelopmentproject.com/025-should-we-give-players-equal-game-time/,equal playing time football
pinterest.com,fresh,2026-09-22,2017-04-21,1,19,6,0,true,https://www.pinterest.com/ideas/football-spreadsheet/940668700343/,football team spreadsheet
foxesclub.com,fresh,2026-09-22,2026-09-22,1,19,1,0,true,https://foxesclub.com/academy-teams/,grassroots football
statzoapp.com,fresh,2026-01-26,2026-01-26,1,20,1,0,true,https://statzoapp.com/best-grassroots-football-app/,grassroots football app
footystats.org,unknown,,,1,20,1,1,true,https://footystats.org/download-stats-csv,football team spreadsheet
hub.lifeplan.co.uk,fresh,2025-12-04,2025-12-04,1,21,1,0,true,https://hub.lifeplan.co.uk/lifeplan-news/create-your-ultimate-football-team-spreadsheet-a-guide-1764808350,football team spreadsheet
podcasts.apple.com,fresh,2026-07-18,2026-07-18,1,22,1,0,true,https://podcasts.apple.com/gb/podcast/the-how-to-coach-grassroots-football-podcast/id1717628950,grassroots football coaching
theffm.co.uk,fresh,2026-09-07,2026-09-07,1,23,1,0,true,https://theffm.co.uk/football-manager-spreadsheet/,football team spreadsheet
subnowapp.com,unknown,,,1,24,1,1,true,https://www.subnowapp.com/,equal playing time football
footballizer.com,unknown,,,1,24,1,1,true,https://www.footballizer.com/academy/grassroots-football/,grassroots football
mcp-cdn-fja5bvhth4eqercf.z01.azurefd.net,unknown,,,1,25,1,1,true,https://mcp-cdn-fja5bvhth4eqercf.z01.azurefd.net/images/FileUploads/1586/167921/Equal%20Playing%20Time%20Policy.pdf,equal playing time football
merseyjuniorsfc.co.uk,fresh,2024-09-24,2024-09-24,1,25,1,0,true,https://merseyjuniorsfc.co.uk/the-importance-of-grassroots-football-in-the-uk/,grassroots football
tablish.co.uk,unknown,,,1,27,1,1,true,https://www.tablish.co.uk/goalero/,grassroots football app
ecoachpro.net,fresh,2026-06-29,2026-06-29,1,27,1,0,true,https://www.ecoachpro.net/post/best-football-training-app-to-improve-player-skills-coaching-experience-ecoach-pro,best football coaching apps
rte.ie,fresh,2026-01-06,2026-01-06,1,27,1,0,true,https://www.rte.ie/brainstorm/2026/0106/1551711-children-sport-equal-playing-time-performance-challenges-ages-aims-competition/,equal playing time football
footballgpt.co,fresh,2026-07-29,2026-06-19,1,27,4,1,true,https://footballgpt.co/blog/grassroots-coaching-building-foundations-for-youth-football,grassroots football coaching
fantasyfootballscout.co.uk,unknown,,,1,27,1,1,true,https://www.fantasyfootballscout.co.uk/profiles/spreadsheet/,football team spreadsheet
pitchflow.co.uk,unknown,,,1,28,1,1,true,https://pitchflow.co.uk/,equal playing time football
irishfacoaching.com,unknown,,,1,28,1,1,true,https://www.irishfacoaching.com/products/grassroots-introduction-to-coaching-certificate-2,grassroots football coaching
football-data.co.uk,unknown,,,1,28,1,1,true,https://www.football-data.co.uk/downloadm.php,football team spreadsheet
birminghamfa.com,unknown,,,1,29,1,1,true,https://www.birminghamfa.com/coaches,grassroots football coaching
thetitansfa.com,fresh,2026-09-15,2026-09-15,2,49,1,0,true,https://thetitansfa.com/grassroots-football-development-uk-complete-guide-for-parents/,grassroots football coaching | grassroots football
elearning.fcetomoku.edu.ng,fresh,2025-12-03,2025-12-03,1,29,1,0,true,https://elearning.fcetomoku.edu.ng/fcetomoku-news/create-a-winning-football-team-spreadsheet-your-ultimate-guide-1764808350,football team spreadsheet
ballrz.co.uk,fresh,2026-07-17,2026-06-30,1,29,2,0,true,https://www.ballrz.co.uk/grassroots-football,grassroots football
flicktec.io,fresh,2026-07-23,2026-07-23,1,30,1,0,true,https://flicktec.io/blog/best-soccer-coaching-apps,best football coaching apps
footyaddicts.com,unknown,,,1,31,1,1,true,https://footyaddicts.com/,grassroots football app
football-coach.en.uptodown.com,unknown,,,1,31,1,1,true,https://football-coach.en.uptodown.com/android,football coach app
mymathtables.com,unknown,,,1,31,1,1,true,https://www.mymathtables.com/calculator/fun/children-equal-playing-time-calculator.html,equal playing time football
knack.com,fresh,2025-04-03,2025-04-03,1,31,1,0,true,https://www.knack.com/download/simple-sports-league-template/,football team spreadsheet
grassrootstoglory.co.uk,fresh,2026-07-18,2026-07-18,1,32,1,0,true,https://grassrootstoglory.co.uk/,grassroots football app
mycoachfootball.com,unknown,,,1,33,1,1,true,https://www.mycoachfootball.com/,football coach app
oxfordshirefa.com,unknown,,,1,33,1,1,true,https://www.oxfordshirefa.com/leagues-and-clubs,grassroots football
spreadsheetsgeneration.com,unknown,,,1,34,1,1,true,https://www.spreadsheetsgeneration.com/,football team spreadsheet
hub-sheet.com,fresh,2025-06-17,2025-06-17,1,35,1,0,true,https://hub-sheet.com/football-league/,football team spreadsheet
squadgod.app,unknown,,,1,36,1,1,true,https://squadgod.app/blog/grassroots-football-app,grassroots football app
thekicksapp.com,fresh,2026-06-09,2026-06-09,1,36,1,0,true,https://www.thekicksapp.com/guides/equal-playing-time-youth-football.html,equal playing time football
sourcetable.com,fresh,2026-09-23,2026-09-23,1,36,1,0,true,https://sourcetable.com/excel-templates/football-stats-sheet,football team spreadsheet
bigsoccer.com,unknown,,,1,37,1,1,true,https://www.bigsoccer.com/threads/equal-playing-time.484372/,equal playing time football
hobbit.football,fresh,2026-09-15,2026-09-15,1,38,1,0,true,https://hobbit.football/tools/best-soccer-coaching-apps,best football coaching apps
u-sports.co.uk,unknown,,,1,38,1,1,true,https://www.u-sports.co.uk/grass-roots-football,grassroots football coaching
striver.football,fresh,2026-05-15,2026-05-15,1,39,1,0,true,https://striver.football/the-pathway/parents-guide-grassroots-football-uk,grassroots football
andrewmoss.me,fresh,2026-01-06,2026-01-06,1,40,1,0,true,https://andrewmoss.me/building-an-excel-football-league-table-5-years-on/,football team spreadsheet
traineffective.com,unknown,,,1,41,1,1,true,https://www.traineffective.com/en/best-football-training-app,best football coaching apps
grassrootscoaching.com,unknown,,,1,41,2,2,true,https://www.grassrootscoaching.com/fa-level-1-football-soccer-coaching-qualification/,grassroots football coaching
teamlinkt.com,unknown,,,1,41,1,1,true,https://teamlinkt.com/score-sheet-templates/football-score-sheet,football team spreadsheet
footstepz.org,fresh,2025-05-22,2025-05-22,1,41,1,0,true,https://footstepz.org/,grassroots football
youthfootball.org.uk,unknown,,,1,42,1,1,true,https://youthfootball.org.uk/become-a-coach/,grassroots football coaching
clubtournament.co.uk,fresh,2026-08-28,2026-08-28,1,42,1,0,true,https://www.clubtournament.co.uk/,grassroots football
cdn1.sportngin.com,unknown,,,1,43,1,1,true,https://cdn1.sportngin.com/attachments/document/0045/5558/Equal_Playing_Time_Debate.pdf,equal playing time football
coachai.uk,fresh,2026-09-15,2026-09-15,1,43,1,0,true,https://www.coachai.uk/blog/fa-grassroots-coaching-qualifications-guide,grassroots football coaching
gis.sport,fresh,2025-10-21,2025-10-21,1,43,1,0,true,https://gis.sport/news/grassroots-football-participation-impact-and-employability-benefits/,grassroots football
get.playhq.com,unknown,,,1,44,1,1,true,https://get.playhq.com/apps/footballhq,grassroots football app
projectplay.org,fresh,2025-03-10,2025-03-10,1,46,1,0,true,https://projectplay.org/news/2018/1/11/why-project-play-recommends-equal-playing-time-for-kids,equal playing time football
footballspreadsheets.com,unknown,,,1,46,1,1,true,https://footballspreadsheets.com/,football team spreadsheet
thehoopsgeek.com,fresh,2026-05-13,2026-05-13,1,47,1,0,true,https://www.thehoopsgeek.com/equal-playing-time/,equal playing time football
grassrooting.co.uk,unknown,,,1,47,1,1,true,https://grassrooting.co.uk/,grassroots football
quicksub.fun,unknown,,,1,48,1,1,true,https://quicksub.fun/tools/soccer-substitution-calculator,equal playing time football
coachmeister.com,fresh,2024-10-16,2024-10-16,1,50,1,0,true,https://www.coachmeister.com/,equal playing time football
performixsoccer.com,fresh,2026-05-27,2026-05-27,1,51,1,0,true,https://performixsoccer.com/best/soccer-coaching-apps/,best football coaching apps
github.com,unknown,,,1,51,1,1,true,https://github.com/datasets/football-datasets,football team spreadsheet
danscapers.com,unknown,,,1,53,1,1,true,https://www.danscapers.com/playing-time-calculator/,equal playing time football
soccerbooks.co.uk,unknown,,,1,53,1,1,true,https://www.soccerbooks.co.uk/products/principles-of-play-for-grassroots-football-understanding-the-game,grassroots football coaching
offidocs.com,unknown,,,1,56,1,1,true,https://www.offidocs.com/index.php/main-templates/xls-templates/1668659-football-league-spreadsheet-with-team-charts-and-stats,football team spreadsheet
mikequirke.podbean.com,fresh,2025-11-22,2025-11-22,1,58,1,0,true,https://mikequirke.podbean.com/e/equal-playing-time-should-every-kid-get-minutes-in-youth-sports/,equal playing time football
360tft.co.uk,unknown,,,1,58,1,1,true,https://360tft.co.uk/football-coaching-academy-landing-uk,grassroots football coaching
grassroots-fc.co.uk,unknown,,,1,58,1,1,true,https://www.grassroots-fc.co.uk/,grassroots football
futboljobs.com,unknown,,,1,59,1,1,true,https://futboljobs.com/en/best-apps-for-football-training/?srsltid=AU7gw4W5R5-wb1GOxM8y2W4C4NbCZJXprSEFYM0lYjuOWibF6687ifCD,best football coaching apps
goalkicksoccer.com,fresh,2024-12-25,2024-12-25,1,60,1,0,true,https://goalkicksoccer.com/blogs/news/top-5-soccer-coaching-apps,best football coaching apps
footyapps.com,unknown,,,1,61,1,1,true,https://footyapps.com/category/grassroots,grassroots football app
footballtournamentsuk.co.uk,unknown,,,1,61,1,1,true,https://footballtournamentsuk.co.uk/,grassroots football
cybernews.com,fresh,2025-06-17,2025-06-17,1,62,1,0,true,https://cybernews.com/health-tech/best-soccer-training-apps/,best football coaching apps
grassrootscoach.app,unknown,,,1,62,1,1,true,https://grassrootscoach.app/resources,grassroots football coaching
datahub.io,fresh,2026-01-08,2026-01-08,1,62,1,0,true,https://datahub.io/collections/football,football team spreadsheet
protouchfootball.com,fresh,2025-07-08,2025-07-08,1,63,1,0,true,https://protouchfootball.com/the-importance-of-being-coachable-in-grassroots-football/,grassroots football coaching
grfe.co.uk,unknown,,,1,64,1,1,true,https://grfe.co.uk/?srsltid=AU7gw4WZ_O7h2IS3PA9Tfbx7T7AO5vuwbO70u_wCFvB-bTHIurKXRyKw,grassroots football
matchdayiq.com,unknown,,,1,66,1,1,true,https://www.matchdayiq.com/guides/equal-playing-time,equal playing time football
bloomsburyfootball.com,unknown,,,1,70,1,1,true,https://bloomsburyfootball.com/,grassroots football
benchclock.com,fresh,2026-09-19,2026-09-19,1,73,1,0,true,https://www.benchclock.com/guides/equal-vs-fair-playing-time,equal playing time football
firstwhistlesports.net,fresh,2026-06-01,2026-06-01,1,74,1,0,true,https://firstwhistlesports.net/equal-playing-time-youth-sports/,equal playing time football
hifi-shop-uk.co.uk,fresh,2026-08-21,2026-08-21,1,75,1,0,true,https://hifi-shop-uk.co.uk/coaching-technology/best-coaching-apps-2026-l19v,best football coaching apps
footballcoachinguk.com,unknown,,,1,75,1,1,true,https://footballcoachinguk.com/,grassroots football coaching
indiatoday.in,fresh,2026-09-20,2026-09-20,1,76,1,0,true,https://www.indiatoday.in/sports/asian-games/video/elavenil-valarivan-japan-preparation-interview-shooting-silver-asian-games-2999031-2026-09-20,grassroots football app
wemakefootballers.com,unknown,,,1,77,1,1,true,https://wemakefootballers.com/uk/locations,grassroots football
teamgrassroots.ctrlstaging.co.uk,unknown,,,1,79,1,1,true,https://teamgrassroots.ctrlstaging.co.uk/category/latest-news/,grassroots football
mirror.co.uk,unknown,,,1,81,1,1,true,https://www.mirror.co.uk/incoming/video/fa-launch-new-landmark-grassroots-34030110,grassroots football
insidefooty.com,unknown,,,1,86,1,1,true,https://insidefooty.com/learn,grassroots football coaching
nytimes.com,fresh,2026-09-20,2026-09-20,1,88,1,0,true,https://www.nytimes.com/video/opinion/100000011157772/were-not-losing-control-of-ai-were-giving-it-away.html,equal playing time football
talksport.com,fresh,2026-09-17,2026-09-17,1,90,1,0,true,https://talksport.com/motorsport/4586717/max-verstappen-vs-100-karts-highlights-bounce/,equal playing time football
facebook.com,fresh,2026-09-19,2025-09-23,6,5,29,25,false,https://www.facebook.com/groups/grassrootsfootballhub/posts/1287652415672084/,grassroots football app | best football coaching apps | equal playing time football | grassroots football coaching | football team spreadsheet | grassroots football
youtube.com,fresh,2026-09-23,2017-05-02,6,12,83,2,false,https://www.youtube.com/watch?v=TAe_PvCPC0s,grassroots football app | best football coaching apps | equal playing time football | grassroots football coaching | football team spreadsheet | grassroots football
reddit.com,fresh,2026-09-23,2026-09-16,5,13,20,13,false,https://www.reddit.com/r/SoccerCoachResources/comments/1oa3h6u/whats_your_goto_coaching_tool_and_why/,grassroots football app | best football coaching apps | equal playing time football | football team spreadsheet | grassroots football
englandfootball.com,unknown,,,3,4,7,7,false,https://www.englandfootball.com/participate/leagues-and-clubs/helpful-apps-and-websites/matchday,grassroots football app | grassroots football coaching | grassroots football
grassrootstechnology.thefa.com,fresh,2026-05-06,2024-01-10,3,5,5,3,false,https://grassrootstechnology.thefa.com/support/solutions/48000396671,grassroots football app | grassroots football coaching | grassroots football
tiktok.com,fresh,2026-09-23,2024-09-23,4,29,26,0,false,https://www.tiktok.com/@justplaysports/video/7500935304820362518,grassroots football app | equal playing time football | grassroots football coaching | grassroots football
instagram.com,fresh,2026-09-23,2026-09-17,4,48,26,5,false,https://www.instagram.com/grassroots_footballuk/,grassroots football app | equal playing time football | grassroots football coaching | grassroots football
uefa.com,fresh,2026-04-07,2026-04-07,1,7,1,0,false,https://www.uefa.com/development/grassroots/overview/,grassroots football
find.englandfootball.com,unknown,,,1,11,1,1,false,https://find.englandfootball.com/,grassroots football
x.com,unknown,,,2,32,3,3,false,https://x.com/GRFootball_UK,grassroots football coaching | grassroots football
amazon.co.uk,unknown,,,1,52,2,2,false,https://www.amazon.co.uk/Grassroots-Football-Coaching-Paul-Sherwood-ebook/dp/B09CP4N8S1,grassroots football coaching
futurefit.englandfootball.com,unknown,,,1,82,1,1,false,https://futurefit.englandfootball.com/futurefit/,grassroots football
