slug,category,title,primary_keyword,secondary_keywords,ai_slop_checked_at,fact_checked_at,personal_stories,expert_quotes,voice_pct,real_voice_pct,confirmed_voice_word_count,unmarked_voice_word_count,unmarked_voice_sentence_count,seo_optimised_at,last_reviewed_at
"academy-categories-explained","Academy Pathway","Category 1, 2, 3 & 4 Football Academies","Category 1, 2, 3 and 4 Football Academies","","2026-08-07","","0","0","0%","0%","0","0","0","","2026-08-07"
"development-centres-vs-academies","Academy Pathway","Development Centres vs Academies: What's the Difference?","Development Centres vs Academies","","2026-08-07","","0","0","2.7%","4.3%","32","102","3","","2026-08-07"
"how-academy-football-works","Academy Pathway","How Academy Football Works in the UK","How Academy Football Works in the UK","","2026-08-07","","0","0","0%","0%","0","0","0","","2026-08-07"
"understanding-academy-release","Academy Pathway","Understanding Academy Release In Football","Understanding Academy Release In Football","","2026-08-07","","0","0","0%","0%","0","123","3","","2026-08-07"
"how-to-join-a-football-academy","Academy Pathway","How to Join a Football Academy: A Realistic Guide for Parents","How to Join a Football Academy","","2026-08-07","2026-08-08T10:54:01+01:00","0","1","5.2%","5.2%","0","32","1","","2026-08-08T10:54:01+01:00"
"what-age-do-football-academies-recruit","Academy Pathway","What Age Do Football Academies Recruit?","What Age Do Football Academies Recruit","","2026-08-07","","0","0","0%","0%","0","34","1","","2026-08-07"
"what-is-eppp","Academy Pathway","What Is EPPP? Elite Player Performance Plan","What Is EPPP? The Elite Player Performance Plan","","2026-08-07","","0","0","0%","0%","0","0","0","","2026-08-07"
"uk-football-development-centres-explained","Academy Pathway","UK Football Development Centres Explained","UK Football Development Centres","","2026-08-07","2026-08-08T12:46:16+01:00","2","0","10.4%","10.4%","0","0","0","","2026-08-08T12:46:16+01:00"
"pdc-vs-ptc-vs-rtc-explained","Academy Pathway","PDC vs PTC vs RTC vs ETC: Football Pathway Terms Explained","PDC vs PTC vs RTC vs ETC","","2026-08-07","","0","0","0%","0%","0","0","0","","2026-08-07"
"how-players-progress-through-football-development-centres","Academy Pathway","Progress Through Football Development Centres","How Players Progress Through Football Development Centres","","2026-08-07","2026-08-08T19:49:26.089Z","1","0","8.3%","8.3%","0","0","0","","2026-08-08T19:49:26.089Z"
"chelsea-fc-development-centre-guide","Academy Pathway","Chelsea FC Development Centre: A Parent's Guide","Chelsea FC Development Centre","","2026-08-07","2026-08-08T19:49:50.039Z","1","0","5.2%","5.2%","0","0","0","","2026-08-08T19:49:50.039Z"
"arsenal-development-centre-guide","Academy Pathway","Arsenal FC Development Centre: A Parent's Guide","Arsenal FC Development Centre","","2026-08-07","2026-08-08T19:49:23.690Z","1","0","1.3%","1.3%","0","0","0","","2026-08-08T19:49:23.690Z"
"crystal-palace-development-centre-guide","Academy Pathway","Crystal Palace Development Centre Guide for Parents","Crystal Palace Development Centre","","2026-08-07","","0","0","0%","0%","0","0","0","","2026-08-07"
"premier-league-development-centres-list","Academy Pathway","Premier League Development Centres","Premier League Development Centres","","2026-08-07","","0","0","0%","0%","0","30","1","","2026-08-07"
"football-scholarships-uk","Academy Pathway","Football Scholarships UK: What Parents Need to Know","Football Scholarships UK","","2026-08-07","","0","0","0%","0%","0","0","0","","2026-08-07"
"football-development-centres-near-me","Academy Pathway","Football Development Centres Near Me","Football Development Centres Near Me","","2026-08-07","2026-08-08T11:03:13+01:00","1","0","5.6%","5.6%","0","57","2","","2026-08-08T11:03:13+01:00"
"how-to-find-a-football-agent-for-your-child","Academy Pathway","How to Find a Football Agent for Your Child","How to Find a Football Agent for Your Child","","2026-08-07","","0","0","0%","0%","0","171","2","","2026-08-07"
"west-ham-player-pathway-guide","Academy Pathway","West Ham United Development Centre: A Parent's Guide","West Ham United Development Centre","","2026-08-07","","0","0","0%","0%","0","0","0","","2026-08-07"
"can-academy-players-play-grassroots-football","Academy Pathway","Can Academy Players Play Grassroots Football?","Can Academy Players Play Grassroots Football","","2026-08-07","","0","0","0%","0%","0","0","0","","2026-08-07"
"how-much-does-academy-football-cost","Academy Pathway","How Much Does Academy Football Cost?","How Much Does Academy Football Cost","","2026-08-07","2026-08-08T10:54:01+01:00","3","0","7.7%","7.7%","0","0","0","","2026-08-08T10:54:01+01:00"
"football-development-centres-in-london","Academy Pathway","Football Development Centres in London: A Parent's Guide","Football Development Centres in London","","2026-08-07","","0","0","0%","0%","0","0","0","","2026-08-07"
"pre-academy-football","Academy Pathway","What Is Pre-Academy Football?","What Is Pre-Academy Football","","2026-08-07","","0","0","0%","0%","0","0","0","","2026-08-07"
"football-academy-trials-uk","Academy Trials","Football Academy Trials UK: How They Really Work","Football Academy Trials UK","","2026-08-07","","0","0","0%","0%","0","32","1","","2026-08-07"
"football-trials-near-me","Academy Trials","Football Trials Near Me: A Realistic Parent's Guide to Academy Recruitment in the UK","Football Trials Near Me","","2026-08-07","","0","0","0%","0%","0","62","3","","2026-08-07"
"how-football-scouts-identify-players","Academy Trials","How Football Scouts Identify Players","How Football Scouts Identify Players","","2026-08-07","","0","0","0%","0%","0","16","1","","2026-08-07"
"what-do-academy-coaches-look-for","Academy Trials","What Do Academy Coaches Look For?","What Do Academy Coaches Look For","","2026-08-07","","0","0","0%","0%","0","0","0","","2026-08-07"
"what-happens-at-academy-trials","Academy Trials","What Happens at Football Academy Trials","What Happens at Football Academy Trials","","2026-08-07","","0","0","0%","0%","0","73","1","","2026-08-07"
"how-to-get-scouted-for-football","Academy Trials","How to Get Scouted for Football","How to Get Scouted for Football","","2026-08-07","2026-08-08T19:49:28.210Z","0","0","0%","0%","0","0","0","","2026-08-08T19:49:28.210Z"
"how-football-clubs-recruit-young-players","Academy Trials","How Football Clubs Recruit Young Players","How Football Clubs Recruit Young Players","","2026-08-07","2026-08-08T19:49:07.627Z","1","0","2.7%","2.7%","0","0","0","","2026-08-08T19:49:07.627Z"
"build-confidence-young-footballers","Football Development","How To Build Confidence In Young Footballers","How To Build Confidence In Young Footballers","","2026-08-07","2026-08-08T19:49:43.582Z","1","1","4.6%","6.7%","55","287","6","","2026-08-08T19:49:43.582Z"
"good-football-development-environment","Football Development","What Makes A Good Football Development Environment?","What Makes A Good Football Development Environment","","2026-08-07","","0","0","2.4%","10.6%","205","364","10","","2026-08-07"
"how-much-training-is-too-much","Football Development","How Much Training Is Too Much For Young Footballers?","How Much Training Is Too Much For Young Footballers","","2026-08-07","","0","0","0%","0%","0","103","5","","2026-08-07"
"how-to-become-a-professional-footballer","Football Development","How to Become a Professional Footballer: What Parents Should Actually Know","How to Become a Professional Footballer","","2026-08-07","2026-08-08T13:02:37+01:00","1","1","8.6%","8.6%","0","102","4","","2026-08-08T13:02:37+01:00"
"improve-football-decision-making","Football Development","How To Improve Football Decision Making In Young Players","How To Improve Football Decision Making In Young Players","","2026-08-07","","0","0","6.4%","6.4%","0","61","2","","2026-08-07"
"is-private-football-coaching-worth-it","Football Development","Private Football Coaching: Is 1-to-1 Football Coaching Worth It?","Private Football Coaching","","2026-08-07","2026-08-08T19:49:45.862Z","1","0","4.1%","4.1%","0","25","1","","2026-08-08T19:49:45.862Z"
"late-developers-in-football","Football Development","Why Some Kids Develop Later In Football","Why Some Kids Develop Later In Football","","2026-08-07","","0","0","10.9%","10.9%","0","40","2","","2026-08-07"
"relative-age-effect-football","Football Development","What Is the Relative Age Effect in Youth Football?","What Is the Relative Age Effect in Youth Football","","2026-08-07","","0","0","4.1%","6.2%","44","74","3","","2026-08-07"
"signs-your-child-is-ready-for-academy-football","Football Development","Is My Child Ready for Academy Football?","Signs Your Child Is Ready for Academy Football","","2026-08-07","2026-08-08T10:54:01+01:00","2","1","12.1%","12.1%","0","86","3","","2026-08-08T10:54:01+01:00"
"playing-up-an-age-group-football","Football Development","Should My Child Play Up an Age Group in Football?","Should My Child Play Up an Age Group in Football","","2026-08-07","","0","0","0%","0%","0","24","1","","2026-08-07"
"new-fa-youth-football-format","Football Development","Understanding the New FA Youth Football Format Changes","Understanding the New FA Youth Football Format Changes","","2026-08-07","","0","0","0%","0%","0","0","0","","2026-08-07"
"what-is-football-iq","Football Development","What Is Football IQ? Football Intelligence Explained","What Is Football IQ? Football Intelligence","","2026-08-07","","0","0","7.8%","7.8%","0","0","0","","2026-08-07"
"bio-banding-football","Football Development","What Is Bio-Banding in Football?","What Is Bio-Banding in Football","","2026-08-07","","0","0","0%","0%","0","0","0","","2026-08-07"
"why-isnt-my-child-improving-at-football","Football Development","Why Isn't My Child Improving at Football?","Why Isn't My Child Improving at Football","","2026-08-07","","0","0","7.7%","8.9%","35","119","4","","2026-08-07"
"football-burnout","Football Development","Football Burnout: Signs, Causes and What Parents Can Do","Football Burnout","","2026-08-07","","0","0","9.9%","9.9%","0","0","0","","2026-08-07"
"ag-vs-fg-boots","Football Gear","FG vs AG Football Boots for Kids: A Practical Parent's Guide","FG vs AG Football Boots for Kids","","2026-08-07","","0","0","0%","0%","0","0","0","","2026-08-07"
"best-football-gloves-for-winter-training","Football Gear","Best Football Gloves For Winter Training","Best Football Gloves For Winter Training","","2026-08-07","","0","0","0%","0%","0","0","0","","2026-08-07"
"best-footballs-by-age","Football Gear","Football Sizes by Age: Best Footballs For Kids","Football Sizes by Age","","2026-08-07","","0","0","0%","6.6%","113","159","6","","2026-08-07"
"best-football-boots-for-wide-feet-kids","Football Gear","Best Football Boots For Wide Feet Kids","","","2026-08-07","2026-08-08T19:50:13.256Z","0","0","0%","0%","0","8","2","","2026-08-08T19:50:13.256Z"
"best-shin-pads-for-kids-football","Football Gear","Best Shin Pads For Kids Football","","","2026-08-07","2026-08-08T19:50:15.439Z","0","0","0%","0%","0","0","0","","2026-08-08T19:50:15.439Z"
"veo-camera-alternatives","Football Gear","Veo Camera Alternatives: Cost & Comparisons","Veo Camera Alternatives","","2026-08-07","","0","0","0%","0%","0","0","0","","2026-08-07"
"girls-academy-vs-grassroots-football","Girls Football","Girls Academy Football vs Grassroots Football","Girls Academy Football vs Grassroots Football","","2026-08-07","","0","0","0%","0%","0","66","3","","2026-08-07"
"emerging-talent-centres-explained","Girls Football","Emerging Talent Centres (ETCs) Explained","Emerging Talent Centres (ETCs)","","2026-08-07","","0","0","1.6%","1.6%","0","61","2","","2026-08-07"
"girls-football-trials","Girls Football","How Girls Football Trials Work","How Girls Football Trials Work","","2026-08-07","","0","0","0%","0%","0","62","3","","2026-08-07"
"how-girls-football-academies-work","Girls Football","How Girls Football Academies Work In The UK","How Girls Football Academies Work In The UK","","2026-08-07","2026-08-08T19:49:30.330Z","0","0","0%","0%","0","20","1","","2026-08-08T19:49:30.330Z"
"late-developers-in-girls-football","Girls Football","Late Developers In Girls Football","Late Developers In Girls Football","","2026-08-07","","0","0","0%","0%","0","47","2","","2026-08-07"
"what-age-do-girls-football-academies-recruit","Girls Football","What Age Do Girls Football Academies Recruit?","What Age Do Girls Football Academies Recruit","","2026-08-07","","0","0","0%","0%","0","19","1","","2026-08-07"
"girls-rtcs-explained","Girls Football","Girls RTCs Explained: What They Were and What Replaced Them","Girls RTCs","","2026-08-07","","0","0","0%","0%","0","29","1","","2026-08-07"
"biggest-football-parent-mistakes","Parent Guides","Biggest Football Parent Mistakes?","Biggest Football Parent Mistakes","","2026-08-07","2026-08-08T19:49:47.972Z","0","1","2.9%","16%","358","604","24","","2026-08-08T19:49:47.972Z"
"leave-grassroots-football-for-an-academy","Parent Guides","Should My Child Leave Grassroots Football For An Academy?","Should My Child Leave Grassroots Football For An Academy","","2026-08-07","","0","0","3.8%","8.3%","144","187","7","","2026-08-07"
"support-child-after-bad-match","Parent Guides","When Your Child Is Struggling in Football | Football Parent","When Your Child Is Struggling in Football","","2026-08-07","","0","0","2.8%","7%","110","257","11","","2026-08-07"
"what-to-say-after-football-matches","Parent Guides","What Should Parents Say After Football Matches?","What Should Parents Say After Football Matches","","2026-08-07","","0","0","0%","11.8%","238","512","17","","2026-08-07"
"are-football-development-centres-worth-it","Parent Guides","Are Football Development Centres Worth It?","Are Football Development Centres Worth It","","2026-08-07","2026-08-08T09:00:00+01:00","0","0","0%","14%","307","338","13","","2026-08-08T09:00:00+01:00"
"what-is-the-junior-premier-league","Parent Guides","What Is the Junior Premier League (JPL)?","What Is the Junior Premier League (JPL)","","2026-08-07","2026-08-08T19:13:24+01:00","0","0","0%","0%","0","0","0","","2026-08-08T19:13:24+01:00"
"jpl-vs-grassroots-football","Parent Guides","JPL vs Grassroots Football: Which Is Right for Your Child?","JPL vs Grassroots Football","","2026-08-07","2026-08-08T19:49:05.388Z","0","0","0%","2.7%","71","71","3","","2026-08-08T19:49:05.388Z"
"jpl-and-academy-football","Parent Guides","Does the Junior Premier League Lead to Academy Football?","Does the Junior Premier League Lead to Academy Football","","2026-08-07","","0","0","2.3%","2.3%","0","46","2","","2026-08-07"
"how-to-get-into-the-jpl","Parent Guides","JPL Trials: How Do You Get Into the Junior Premier League?","JPL Trials","","2026-08-07","","0","0","5.1%","6.1%","27","27","1","","2026-08-07"
"futurefit-football-dna-interview-part-1","Parent Guides","FutureFit Explained: Football DNA on 3v3, More Touches and Youth Development","FutureFit","","2026-08-07","","0","0","0%","0%","0","60","2","","2026-08-07"
"what-is-grassroots-football","Parent Guides","What Is Grassroots Football?","What Is Grassroots Football","","2026-08-07","","0","0","0%","6.3%","161","332","10","","2026-08-07"
"how-to-become-a-football-coach","Parent Guides","How to Become a Grassroots Football Coach","How to Become a Football Coach","","2026-08-07","","0","0","6.7%","6.7%","0","113","3","","2026-08-07"
"futurefit-football-dna-interview-part-2","Parent Guides","FutureFit Part 2: Why 3v3 Matters and 11v11 Is Being Delayed","FutureFit Part 2","","2026-08-07","","0","0","0%","0%","0","447","10","","2026-08-07"
"what-qualifications-do-i-need-to-be-a-football-coach","Parent Guides","What Qualifications Do You Need to Be a Football Coach?","","","2026-08-07","","0","0","0%","0%","0","104","4","","2026-08-07"